Workbook

Sheet BodyData-Timings
B1: Subject details | I1: OMRON Data | W1: Anthropometric Measurements | AF1: Motion Sensors | AM1: Pressure Sensor | AP1: Break Times | AV1: Data uploaded to nbox | BB1: Additional Comments
A2: Subject | B2: Date of visit | C2: Seat | D2: Chosen Angle | E2: First Break Recorded Angle | F2: Second Break Recorded Angle | G2: Sex | H2: Considered Obese (Body Fat) | I2: Weight (kg) | J2: Body Fat (%) | K2: Visceral Fat | L2: Resting Metabolism (kcal) | M2: Skeletal Muscle(%) | N2: Skeletal Muscle（ARMS）(%) | O2: Skeletal Muscle（TRUNK）(%) | P2: Skeletal Muscle（LEGS）(%) | Q2: Subcutaneous fat (%) | R2: Subcutaneous fat（ARMS）(%) | S2: Subcutaneous fat（TRUNK）(%) | T2: Subcutaneous fat（LEGS）(%) | U2: BMI | V2: Body Age (years old) | W2: Hip width 1 | X2: Hip width 2 (if any) | Y2: Average Hip width | Z2: Butt-Knee 1 | AA2: Butt-Knee 2 (if any) | AB2: Average Butt Knee | AC2: Popliteal 1 | AD2: Popliteal 2 (if any) | AE2: Average Popliteal | AF2: Start of S1 | AG2: End of S1 | AH2: Start of S2 | AI2: End of S2 | AJ2: Start of S3 | AK2: End of S3 | AL2: Issues/Comments (if any) | AM2: Start of recording | AN2: End of recording | AO2: Issues/Comments (if any) | AP2: Break 1 start time | AQ2: Break 1 end time | AR2: Duration (min) | AS2: Break 2 start time | AT2: Break 2 end time | AU2: Duration (min) | AV2: Motion Sensor | AW2: GCR | AX2: Pressure | AY2: Fitbit | AZ2: CCTV | BA2: Mini Cam | BB2: Participants movement, App glitches etc. | BC2: Obesity based on Body Fat % & BMI combined | BD2: Alignments with CCTV time
A3: A001 | B3: 45466 | C3: 2F | D3: 29 | G3: Male | H3: =IF(OR(AND(G3="Male",J3>=25),AND(G3="Female",J3>=32)),"Yes","No") -> No | I3: 80 | J3: 19.3 | K3: 8 | L3: 1798 | M3: 35 | N3: 38.3 | O3: 28.5 | P3: 52.2 | Q3: 13.6 | R3: 17.5 | S3: 12 | T3: 17.1 | U3: 23.4 | V3: 41 | W3: =57.3-16.1 -> 41.2 | Y3: =AVERAGE(W3,X3) -> 41.2 | Z3: 49.5 | AB3: =AVERAGE(Z3,AA3) -> 49.5 | AC3: 53.6 | AE3: =AVERAGE(AC3,AD3) -> 53.6 | AF3: 1.06pm | AG3: 3.07pm | AH3: 3.12pm | AI3: 5.13pm | AJ3: 5.19pm | AK3: 7.20pm | AM3: 1.06pm | AN3: 7.23pm | AP3: 3.07pm | AQ3: 3.12pm | AR3: 5 | AS3: 5.14pm | AT3: 5.19pm | AU3: 5 | BB3: 5.28pm - Using phone | BC3: =IF(AND(G3="Male", J3>25, U3>24.9), "Obese", IF(AND(G3="Female", J3>32, U3>24.9), "Obese", "Not Obese")) -> Not Obese | BE3: CCTV time is in-line with GCR
A4: A002 | B4: 45466 | C4: 3F | D4: 32 | G4: Male | H4: =IF(OR(AND(G4="Male",J4>=25),AND(G4="Female",J4>=32)),"Yes","No") -> No | I4: 75.7 | J4: 14.9 | K4: 6 | L4: 1754 | M4: 37.2 | N4: 40 | O4: 31.4 | P4: 54.3 | Q4: 10.6 | R4: 13.4 | S4: 9.3 | T4: 12.7 | U4: 22.1 | V4: 35 | W4: 40.1 | Y4: =AVERAGE(W4,X4) -> 40.1 | Z4: 47 | AB4: =AVERAGE(Z4,AA4) -> 47 | AC4: 50.5 | AE4: =AVERAGE(AC4,AD4) -> 50.5 | AF4: 1.04pm | AG4: 3.10pm | AH4: 3.15pm | AI4: 5.16pm | AJ4: 5.21pm | AK4: 7.23pm | AM4: 1.04pm | AN4: 7.24pm | AO4: Tekscan (back) disconnected for 20 - 25 mins after 2nd break | AP4: 3.10pm | AQ4: 3.15pm | AR4: 5 | AS4: 5.16pm | AT4: 5.21pm | AU4: 5 | BC4: =IF(AND(G4="Male", J4>25, U4>24.9), "Obese", IF(AND(G4="Female", J4>32, U4>24.9), "Obese", "Not Obese")) -> Not Obese | BE4: CCTV time is in-line with GCR
A5: A003 | B5: 45466 | C5: 3D | D5: 30 | G5: Female | H5: =IF(OR(AND(G5="Male",J5>=25),AND(G5="Female",J5>=32)),"Yes","No") -> No | I5: 59.4 | J5: 30.6 | K5: 4.5 | L5: 1261 | M5: 25.6 | N5: 27.4 | O5: 19.5 | P5: 37.5 | Q5: 25.1 | R5: 41.2 | S5: 21.7 | T5: 34.3 | U5: 21.3 | V5: 52 | W5: 40.8 | X5: 41.3 | Y5: =AVERAGE(W5,X5) -> 41.05 | Z5: 48.4 | AA5: 48.4 | AB5: =AVERAGE(Z5,AA5) -> 48.4 | AC5: 45 | AD5: 47 | AE5: =AVERAGE(AC5,AD5) -> 46 | AF5: 12.48pm | AG5: 2.57pm | AH5: 3.05pm | AI5: 5.07pm | AJ5: 5.13pm | AK5: 7.14pm | AM5: 12.51pm | AN5: 7.14pm | AO5: Tekscan closed on its own during session 1. Tekscan missing data: 12.51pm - 3.05pm (Laptop Crashed for Restart) & 4.53pm - 4.55pm (USB wires weak). | AP5: 2.58pm | AQ5: 3.04pm | AR5: 6 | AS5: 5.07pm | AT5: 5.12pm | AU5: 5 | BB5: GCR Notification popped up 10 minutes. Cabin Sound Disconnected on its own. Participant Lean to choose Netflix at 5.29pm | BC5: =IF(AND(G5="Male", J5>25, U5>24.9), "Obese", IF(AND(G5="Female", J5>32, U5>24.9), "Obese", "Not Obese")) -> Not Obese | BE5: CCTV time is in-line with GCR | BJ5: =COUNTIF(BC3:BC213,"Obese") -> 71
A6: A004 | B6: 45468 | C6: 3D | D6: 32 | G6: Female | H6: =IF(OR(AND(G6="Male",J6>=25),AND(G6="Female",J6>=32)),"Yes","No") -> No | I6: 57.6 | J6: 30.7 | K6: 4 | L6: 1232 | M6: 25.5 | N6: 27.6 | O6: 19.8 | P6: 37.6 | Q6: 25 | R6: 41.8 | S6: 21.6 | T6: 35.1 | U6: 21.2 | V6: 47 | W6: 41.2 | X6: 41.5 | Y6: =AVERAGE(W6,X6) -> 41.35 | Z6: 45.4 | AA6: 45.5 | AB6: =AVERAGE(Z6,AA6) -> 45.45 | AC6: 45.7 | AD6: 46 | AE6: =AVERAGE(AC6,AD6) -> 45.85 | AF6: 1.06pm | AG6: 3.12pm | AH6: 3.18pm | AI6: 5.18pm | AJ6: 5.24pm | AK6: 7.25pm | AM6: 1.09pm | AN6: 7.25pm | AP6: 3.12pm | AQ6: 3.17pm | AR6: 5 | AS6: 5.19pm | AT6: 5.24pm | AU6: 5 | BB6: 1.40pm - 1.41pm: Using Phone. 2.12pm - 2.13pm: Large movement (drinking water). First 20 minutes of Session 2: Using Phone. 3.39pm - 3.48pm: Still consuming food | BC6: =IF(AND(G6="Male", J6>25, U6>24.9), "Obese", IF(AND(G6="Female", J6>32, U6>24.9), "Obese", "Not Obese")) -> Not Obese | BE6: CCTV time is 1-2 second early; CCTV time: 15:12:09 GCR filled at 15:12:11 | BJ6: =COUNTIF(BC4:BC214,"Not Obese") -> 140
A7: A005 | B7: 45468 | C7: 3F | D7: 24 | G7: Female | H7: =IF(OR(AND(G7="Male",J7>=25),AND(G7="Female",J7>=32)),"Yes","No") -> Yes | I7: 70.1 | J7: 34.5 | K7: 9 | L7: 1410 | M7: 24.7 | N7: 24 | O7: 18 | P7: 38.4 | Q7: 31.2 | R7: 45.4 | S7: 27 | T7: 40.5 | U7: 27 | V7: 59 | W7: 43.4 | X7: 41.9 | Y7: =AVERAGE(W7,X7) -> 42.65 | Z7: 45.8 | AA7: 45.5 | AB7: =AVERAGE(Z7,AA7) -> 45.65 | AC7: 41.9 | AD7: 43.2 | AE7: =AVERAGE(AC7,AD7) -> 42.55 | AF7: 1.02pm | AG7: 3.03pm | AH7: 3.09pm | AI7: 5.09pm | AJ7: 5.17pm | AK7: 7.20pm | AM7: 1.02pm | AN7: 7.20pm | AO7: 2.23pm - 2.24pm: Adjust Pressure Mat Position | AP7: 3.04pm | AQ7: 3.09pm | AR7: 5 | AS7: 5.11pm | AT7: 5.16pm | AU7: 5 | BB7: 1.23pm - 1.24pm: Lean Forward to touch Screen. | BC7: =IF(AND(G7="Male", J7>25, U7>24.9), "Obese", IF(AND(G7="Female", J7>32, U7>24.9), "Obese", "Not Obese")) -> Obese | BE7: CCTV time is 1-2 second early; CCTV time: 15:03:56 GCR filled at 15:03:57
A8: A006 | B8: 45468 | C8: 2D | D8: 17 | G8: Female | H8: =IF(OR(AND(G8="Male",J8>=25),AND(G8="Female",J8>=32)),"Yes","No") -> Yes | I8: 64 | J8: 34.3 | K8: 7.5 | L8: 1314 | M8: 24.1 | N8: 24.6 | O8: 17.9 | P8: 37.1 | Q8: 29.6 | R8: 45.4 | S8: z | T8: 39.4 | U8: 25 | V8: 59 | W8: 40.8 | X8: 40.8 | Y8: =AVERAGE(W8,X8) -> 40.8 | Z8: 44.9 | AA8: 45.1 | AB8: =AVERAGE(Z8,AA8) -> 45 | AC8: 44 | AD8: 43.5 | AE8: =AVERAGE(AC8,AD8) -> 43.75 | AF8: 1.00pm | AG8: 3.03pm | AH8: 3.08pm | AI8: 5.09pm | AJ8: 5.15pm | AK8: 7.17pm | AL8: 1.43pm: Restart Metamotion (2D-R missing 5000 points) 1.43pm - 3.02pm: Missing Metamotion 2D-R (15,000 points). But sits in closed-leg position most of the time 3.13pm - 3.30pm: 2D-R Missing Metamotion 2D-R down for S3 | AM8: 1.01pm | AN8: 7.17pm | AP8: 3.03pm | AQ8: 3.08pm | AR8: 5 | AS8: 5.09pm | AT8: 5.14pm | AU8: 5 | BB8: GOPRO footage, first 4hr uploaded to nbox already 1.23pm - 1.24pm: Shift to talk to researcher 1.33pm: Shift to talk to researcher 2.43pm - 2.44pm: Stood up 3.38pm: Leg Stretching 4.03pm: Turn for Snacks | BC8: =IF(AND(G8="Male", J8>25, U8>24.9), "Obese", IF(AND(G8="Female", J8>32, U8>24.9), "Obese", "Not Obese")) -> Obese | BE8: CCTV time is 1-2 second early; CCTV time: 17:09:22 GCR filled at 17:09:24
A9: A007 | B9: 45468 | C9: 2F | D9: 30 | G9: Male | H9: =IF(OR(AND(G9="Male",J9>=25),AND(G9="Female",J9>=32)),"Yes","No") -> Yes | I9: 81.7 | J9: 29.1 | K9: 15 | L9: 1753 | M9: 29.2 | N9: 35.1 | O9: 21.3 | P9: 46.6 | Q9: 20.5 | R9: 27.7 | S9: 18.8 | T9: 28.1 | U9: 28.6 | V9: 54 | W9: 42.7 | X9: 42.7 | Y9: 49.6 | Z9: 49.6 | AA9: 49.6 | AB9: =AVERAGE(Z9,AA9) -> 49.6 | AC9: 47.4 | AD9: 47.2 | AE9: =AVERAGE(AC9,AD9) -> 47.3 | AF9: 12.41pm | AG9: 2.43pm | AH9: 2.47pm | AI9: 4.48pm | AJ9: 4.54pm | AK9: 6.54pm | AM9: 12.42pm | AN9: 6.55pm | AO9: 4.12pm: Adjust pressure mat | AP9: 2.43pm | AQ9: 2.48pm | AR9: 5 | AS9: 4.49pm | AT9: 4.54pm | AU9: 5 | BC9: =IF(AND(G9="Male", J9>25, U9>24.9), "Obese", IF(AND(G9="Female", J9>32, U9>24.9), "Obese", "Not Obese")) -> Obese | BE9: CCTV time is 1-2 second early; CCTV time: 14:42:39 GCR filled at 14:42:40
A10: A008 | B10: 45472 | C10: 2F | D10: 31 | G10: Male | H10: =IF(OR(AND(G10="Male",J10>=25),AND(G10="Female",J10>=32)),"Yes","No") -> Yes | I10: 79.2 | J10: 35.9 | K10: 11 | L10: 1682 | M10: 27.7 | N10: 34.9 | O10: 18.2 | P10: 45.2 | Q10: 24.1 | R10: 35.7 | S10: 21.6 | T10: 36.4 | U10: 25 | V10: 55 | W10: 42.4 | X10: 41.2 | Y10: =AVERAGE(W10,X10) -> 41.8 | Z10: 54.6 | AA10: 55.2 | AB10: =AVERAGE(Z10,AA10) -> 54.9 | AC10: 51.1 | AD10: 52.1 | AE10: =AVERAGE(AC10,AD10) -> 51.6 | AF10: 1.20pm | AG10: 3.21pm | AH10: 3.26pm | AI10: 5.27pm | AJ10: 5.32pm | AK10: 7.33pm | AM10: 1.20pm | AN10: 7.33pm | AP10: 3.21pm | AQ10: 3.26pm | AR10: 5 | AS10: 5.27pm | AT10: 5.32pm | AU10: 5 | BB10: GCR App Notifications Every 10 minutes 7.20pm - 7.26pm: Cabin Sound Disconnected | BC10: =IF(AND(G10="Male", J10>25, U10>24.9), "Obese", IF(AND(G10="Female", J10>32, U10>24.9), "Obese", "Not Obese")) -> Obese | BE10: CCTV time is in-line with GCR
A11: A009 | B11: 45472 | C11: 3F | D11: 24 | G11: Female | H11: =IF(OR(AND(G11="Male",J11>=25),AND(G11="Female",J11>=32)),"Yes","No") -> Yes | I11: 61.4 | J11: 37.1 | K11: 7 | L11: 1259 | M11: 22.4 | N11: 23.3 | O11: 17 | P11: 35.1 | Q11: 31.2 | R11: 50.3 | S11: 28 | T11: 44.7 | U11: 25.2 | V11: 53 | W11: 46 | X11: 45.7 | Y11: =AVERAGE(W11,X11) -> 45.85 | Z11: 40 | AA11: 46 | AB11: =AVERAGE(Z11,AA11) -> 43 | AC11: 43 | AD11: 43.2 | AE11: =AVERAGE(AC11,AD11) -> 43.1 | AF11: 1.30pm | AG11: 3.38pm | AH11: 3.44pm | AI11: 5.44pm | AJ11: 5.50pm | AK11: 7.51pm | AM11: 1.37pm | AN11: 7.51pm | AO11: 1.17pm - 1.21pm: Tekscan got disconnected initially for 3-4 mins 2.30pm - 2.33pm: Tekscan disconnected 3.28pm - 3.29pm: Tekscan disconnected | AP11: 3.38pm | AQ11: 3.44pm | AR11: 6 | AS11: 5.45pm | AT11: 5.50pm | AU11: 5 | BB11: GCR: 1.39pm, 1.49pm, 1.59pm, 2.00pm, 2.19pm (GCR popped up every 10 mins) 5.12pm: Readjusted mini cam angle 7.20pm - 7.26pm: Cabin sound disconnected | BC11: =IF(AND(G11="Male", J11>25, U11>24.9), "Obese", IF(AND(G11="Female", J11>32, U11>24.9), "Obese", "Not Obese")) -> Obese | BE11: CCTV time is in-line with GCR
A12: A010 | B12: 45474 | C12: 2F | D12: 19 | G12: Male | H12: =IF(OR(AND(G12="Male",J12>=25),AND(G12="Female",J12>=32)),"Yes","No") -> Yes | I12: 98 | J12: 30.8 | K12: 20 | L12: 2003 | M12: 29.1 | N12: 33.5 | O12: 20.8 | P12: 46.5 | Q12: 21.9 | R12: 26.7 | S12: 20.2 | T12: 27.4 | U12: 30.6 | V12: 67 | W12: 46.3 | X12: 46.8 | Y12: =AVERAGE(W12,X12) -> 46.55 | Z12: 52 | AA12: 52 | AB12: =AVERAGE(Z12,AA12) -> 52 | AC12: 53.2 | AD12: 53 | AE12: =AVERAGE(AC12,AD12) -> 53.1 | AF12: 1.20pm | AG12: 3.22pm | AH12: 3.28pm | AI12: 5.29pm | AJ12: 5.35pm | AK12: 7.36pm | AM12: 1.20pm | AN12: 7.36pm | AO12: 5.09pm: Adjust Pressure Mat (Back). Frames 13600 6.15pm: Adjust Presssure Mat (Back). Frames 17480 | AP12: 3.22pm | AQ12: 3.28pm | AR12: 6 | AS12: 5.30pm | AT12: 5.35pm | AU12: 5 | BB12: 2.01pm - 2.16pm: Holding on to keyboard Movements (Lean Forward) whenver notification rings GCR App Notifications Dupicate - Disabled Notifications 4.42pm - 4.47pm: Cabin Sound Disconnected | BC12: =IF(AND(G12="Male", J12>25, U12>24.9), "Obese", IF(AND(G12="Female", J12>32, U12>24.9), "Obese", "Not Obese")) -> Obese | BE12: CCTV time is 1 second early; CCTV time: 15:22:02 GCR filled at 15:22:03
A13: A011 | B13: 45474 | C13: 3D | D13: 23 | G13: Female | H13: =IF(OR(AND(G13="Male",J13>=25),AND(G13="Female",J13>=32)),"Yes","No") -> No | I13: 53 | J13: 28.6 | K13: 4 | L13: 1167 | M13: 25.8 | N13: 29 | O13: 20.3 | P13: 38.3 | Q13: 24.4 | R13: 39.2 | S13: 20.5 | T13: 33.6 | U13: 21.8 | V13: 44 | W13: 36.5 | X13: 36.2 | Y13: =AVERAGE(W13,X13) -> 36.35 | Z13: 47 | AA13: 46.9 | AB13: =AVERAGE(Z13,AA13) -> 46.95 | AC13: 42 | AD13: 44 | AE13: =AVERAGE(AC13,AD13) -> 43 | AF13: 12.22pm | AG13: 2.24pm | AH13: 2.28pm | AI13: 4.29pm | AJ13: 4.34pm | AK13: 6.34pm | AL13: 1.14pm: Motion Sensor Loss 10000 points. Saved & Reset Motion Sensor 4.08pm - 4.28pm: 3D_R Motion Sensor not captured 5.21pm - 5.22pm: Restarted Motion Sensor | AM13: 12.22pm | AN13: 6.34pm | AO13: 3.09pm: Adjust Pressure Mat. Frames 9850 - 9950 5.21pm - 5.22pm: Adjust Presssure Mat | AP13: 2.23pm | AQ13: 2.28pm | AR13: 5 | AS13: 4.29pm | AT13: 4.34pm | AU13: 5 | BB13: 3.29pm - 3.30pm: Went to Toilet. Frames 11115 4.42pm - 4.47pm: Cabin Sound Disconnected 5.19pm - 5.21pm: Went to Toilet | BC13: =IF(AND(G13="Male", J13>25, U13>24.9), "Obese", IF(AND(G13="Female", J13>32, U13>24.9), "Obese", "Not Obese")) -> Not Obese | BE13: CCTV time is 1 second early; CCTV time: 14:22:57 GCR filled at 14:22:58
A14: A012 | B14: 45474 | C14: 3F | D14: 25 | G14: Male | H14: =IF(OR(AND(G14="Male",J14>=25),AND(G14="Female",J14>=32)),"Yes","No") -> Yes | I14: 70.7 | J14: 31.6 | K14: 15 | L14: 1557 | M14: 26.7 | N14: 34.1 | O14: 18.8 | P14: 44.2 | Q14: 21.7 | R14: 29.6 | S14: 19.7 | T14: 30.1 | U14: 26.9 | V14: 59 | W14: 40.9 | X14: 41 | Y14: =AVERAGE(W14,X14) -> 40.95 | Z14: 47.5 | AA14: 47.3 | AB14: =AVERAGE(Z14,AA14) -> 47.4 | AC14: 42.6 | AD14: 42.6 | AE14: =AVERAGE(AC14,AD14) -> 42.6 | AF14: 1.07pm | AG14: 3.09pm | AH14: 3.15pm | AI14: 5.17pm | AJ14: 5.22pm | AK14: 7.23pm | AM14: 1.07pm | AN14: 7.23pm | AO14: 3.58pm: Adjust Pressure Mat (Back) Frame 10100 4.21pm: Adjust Pressure Mat (Back) Frame 11500 6.23pm: Adjust Pressure Mat (Back) Frame 18750 | AP14: 3.09pm | AQ14: 3.15pm | AR14: 6 | AS14: 5.17pm | AT14: 5.22pm | AU14: 5 | BB14: 1.30pm - 1.31pm: Movements due to researcher (pts missed the rating) 4.42pm - 4.47pm: Cabin Sound Disconnected 7.11pm: Drinking Water | BC14: =IF(AND(G14="Male", J14>25, U14>24.9), "Obese", IF(AND(G14="Female", J14>32, U14>24.9), "Obese", "Not Obese")) -> Obese | BE14: CCTV time is 1 second early; CCTV time: 17:16:59 GCR filled at 17:17:00
A15: A013 | B15: 45475 | C15: 3F | D15: 30 | G15: Male | H15: =IF(OR(AND(G15="Male",J15>=25),AND(G15="Female",J15>=32)),"Yes","No") -> Yes | I15: 70.2 | J15: 28 | K15: 8 | L15: 1583 | M15: 30.5 | N15: 37.2 | O15: 22.6 | P15: 47.9 | Q15: 18.9 | R15: 27.2 | S15: 16.7 | T15: 27.4 | U15: 22.9 | V15: 44 | W15: 38.3 | X15: 39.5 | Y15: =AVERAGE(W15,X15) -> 38.9 | Z15: 49.5 | AA15: 49.5 | AB15: =AVERAGE(Z15,AA15) -> 49.5 | AC15: 48.4 | AD15: 48.6 | AE15: =AVERAGE(AC15,AD15) -> 48.5 | AF15: 12.24pm | AG15: 2.32pm | AH15: 2.37pm | AI15: 4.37pm | AJ15: 4.43pm | AK15: 6.44pm | AM15: 12.24pm | AN15: 6.45pm | AO15: 6.05pm: Adjust Pressure Mat (Back) Frame 20200~ | AP15: 2.31pm | AQ15: 2.36pm | AR15: 5 | AS15: 4.38pm | AT15: 4.43pm | AU15: 5 | BC15: =IF(AND(G15="Male", J15>25, U15>24.9), "Obese", IF(AND(G15="Female", J15>32, U15>24.9), "Obese", "Not Obese")) -> Not Obese | BE15: CCTV time is in-line with GCR
A16: A014 | B16: 45475 | C16: 3D | D16: 19 | G16: Female | H16: =IF(OR(AND(G16="Male",J16>=25),AND(G16="Female",J16>=32)),"Yes","No") -> Yes | I16: 52.7 | J16: 37.5 | K16: 5.5 | L16: 1127 | M16: 21.9 | N16: 24.5 | O16: 17.1 | P16: 33.5 | Q16: 29.6 | R16: 50.7 | S16: 27.1 | T16: 43.1 | U16: 22.8 | V16: 48 | W16: 39.9 | X16: 40 | Y16: =AVERAGE(W16,X16) -> 39.95 | Z16: 38.9 | AA16: 38 | AB16: =AVERAGE(Z16,AA16) -> 38.45 | AC16: 40.7 | AD16: 39.9 | AE16: =AVERAGE(AC16,AD16) -> 40.3 | AF16: 12.53pm | AG16: 2.54pm | AH16: 3.01pm | AI16: 5.02pm | AJ16: 5.07pm | AK16: 7.08pm | AL16: 1.55pm - 1.57pm: 3D_L Disconnected 4.41pm: Motion Sensor Disconnected | AM16: 12.52pm | AN16: 7.08pm | AP16: 2.54pm | AQ16: 3.01pm | AR16: 7 | AS16: 5.02pm | AT16: 5.07pm | AU16: 5 | BB16: 1.58pm: Turn to call Researcher 2.02pm - 2.05pm: Earpiece Disconnected. Change Earpiee 2.59pm: Participant removed Fitbit to wash hands 3.01pm: Participant Snacking 6.08pm: Turn to talk to Researcher 6.33pm - 6.35pm: Went Toilet (Frame 22250) | BC16: =IF(AND(G16="Male", J16>25, U16>24.9), "Obese", IF(AND(G16="Female", J16>32, U16>24.9), "Obese", "Not Obese")) -> Not Obese | BE16: CCTV time is in-line with GCR
A17: A015 | B17: 45478 | C17: 2F | D17: 30 | G17: Male | H17: =IF(OR(AND(G17="Male",J17>=25),AND(G17="Female",J17>=32)),"Yes","No") -> Yes | I17: 72 | J17: 28.7 | K17: 12.5 | L17: 1596 | M17: 28.3 | N17: 34.8 | O17: 20.8 | P17: 45.8 | Q17: 19.7 | R17: 26.2 | S17: 17.7 | T17: 26.6 | U17: 25.2 | V17: 57 | W17: 40.4 | X17: 41.1 | Y17: =AVERAGE(W17,X17) -> 40.75 | Z17: 49.4 | AA17: 48.9 | AB17: =AVERAGE(Z17,AA17) -> 49.15 | AC17: 48.5 | AD17: 47 | AE17: =AVERAGE(AC17,AD17) -> 47.75 | AF17: 1.11pm | AG17: 3.12pm | AH17: 3.17pm | AI17: 5.19pm | AJ17: 5.24pm | AK17: 7.25pm | AM17: 1.11pm | AN17: 7.26pm | AP17: 3.13pm | AQ17: 3.18pm | AR17: 5 | AS17: 5.19pm | AT17: 5.24pm | AU17: 5 | BC17: =IF(AND(G17="Male", J17>25, U17>24.9), "Obese", IF(AND(G17="Female", J17>32, U17>24.9), "Obese", "Not Obese")) -> Obese | BE17: CCTV time is in-line with GCR
A18: A0SQ | B18: 45478 | C18: 3F | D18: 20 | G18: Female | H18: =IF(OR(AND(G18="Male",J18>=25),AND(G18="Female",J18>=32)),"Yes","No") -> Yes | I18: 61.6 | J18: 35.2 | K18: 6 | L18: 1272 | M18: 23.5 | N18: 24.4 | O18: 18 | P18: 35.7 | Q18: 29.4 | R18: 48 | S18: 26.2 | T18: 42.2 | U18: 24.1 | V18: 50 | W18: 41.9 | X18: 42.4 | Y18: =AVERAGE(W18,X18) -> 42.15 | Z18: 47.2 | AA18: 47.9 | AB18: =AVERAGE(Z18,AA18) -> 47.55 | AC18: 39.7 | AD18: 40.7 | AE18: =AVERAGE(AC18,AD18) -> 40.2 | AF18: 12.35pm | AG18: 2.36pm | AH18: 2.43pm | AI18: 4.45pm | AJ18: 4.50pm | AK18: 6.51pm | AL18: 3.46pm: Motion Sensor right not recording > Restarted at 3.47pm 5.30pm - 5.34pm: Motion Sensor Lost Connection 6.04pm - 6.05pm: Restart Motion Sensor (3F_R Connection Issue - remember to reboot) | AM18: 12.35pm | AN18: 6.51pm | AP18: 2.36pm | AQ18: 2.43pm | AR18: 7 | AS18: 4.45pm | AT18: 4.50pm | AU18: 5 | BB18: 5.04pm - 5.06pm: Participant stood up, got out of seat | BC18: =IF(AND(G18="Male", J18>25, U18>24.9), "Obese", IF(AND(G18="Female", J18>32, U18>24.9), "Obese", "Not Obese")) -> Not Obese
A19: A016 | B19: 45478 | C19: 3D | D19: 28 | G19: Female | H19: =IF(OR(AND(G19="Male",J19>=25),AND(G19="Female",J19>=32)),"Yes","No") -> Yes | I19: 69.3 | J19: 38 | K19: 7 | L19: 1377 | M19: 22.8 | N19: 22 | O19: 17 | P19: 35 | Q19: 31.1 | R19: 51.5 | S19: 28.3 | T19: 45.2 | U19: 24.6 | V19: 58 | W19: 44.2 | X19: 44.4 | Y19: =AVERAGE(W19,X19) -> 44.3 | Z19: 48.5 | AA19: 48.8 | AB19: =AVERAGE(Z19,AA19) -> 48.65 | AC19: 45 | AD19: 45.2 | AE19: =AVERAGE(AC19,AD19) -> 45.1 | AF19: 12.37pm | AG19: 2.42pm | AH19: 2.49pm | AI19: 4.49pm | AJ19: 4.55pm | AK19: 6.56pm | AM19: 12.41pm | AN19: 6.57pm | AP19: 2.43pm | AQ19: 2.48pm | AR19: 5 | AS19: 4.50pm | AT19: 4.55pm | AU19: 5 | BB19: 2.23pm - 2.26pm: Toilet | BC19: =IF(AND(G19="Male", J19>25, U19>24.9), "Obese", IF(AND(G19="Female", J19>32, U19>24.9), "Obese", "Not Obese")) -> Not Obese | BE19: CCTV time is in-line with GCR
A20: A017 | B20: 45479 | C20: 2D | D20: 15 | G20: Male | H20: =IF(OR(AND(G20="Male",J20>=25),AND(G20="Female",J20>=32)),"Yes","No") -> Yes | I20: 75.6 | J20: 29.8 | K20: 16 | L20: 1646 | M20: 27.9 | N20: 34.2 | O20: 20.1 | P20: 45.3 | Q20: 20.8 | R20: 27.8 | S20: 19 | T20: 28.2 | U20: 28.1 | V20: 58 | W20: 41.1 | X20: 41 | Y20: =AVERAGE(W20,X20) -> 41.05 | Z20: 44.9 | AA20: 45 | AB20: =AVERAGE(Z20,AA20) -> 44.95 | AC20: 40 | AD20: 42.3 | AE20: =AVERAGE(AC20,AD20) -> 41.15 | AF20: 1.06pm | AG20: 3.06pm | AH20: 3.12pm | AI20: 5.12pm | AJ20: 5.18pm | AK20: 7.19pm | AL20: Motion Sensors missing data ~ 22800 points only. 3.02pm Restarted. Motion Sensors missing data. 2D_L Restarted at 4.32pm | AM20: 1.04pm | AN20: 7.19pm | AO20: Frame 114: Start of Study | AP20: 3.06pm | AQ20: 3.11pm | AR20: 5 | AS20: 5.12pm | AT20: 5.17pm | AU20: 5 | BB20: 1.48pm - 1.53pm: WIFI Disconnected 6.43pm: GCR did not record for 6.38pm. Participant told to fill in GCR again | BC20: =IF(AND(G20="Male", J20>25, U20>24.9), "Obese", IF(AND(G20="Female", J20>32, U20>24.9), "Obese", "Not Obese")) -> Obese | BE20: CCTV time is 4 second early; CCTV time: 15:06:07 GCR filled at 15:06:11
A21: A018 | B21: 45479 | C21: 2F | D21: 32 | G21: Male | H21: =IF(OR(AND(G21="Male",J21>=25),AND(G21="Female",J21>=32)),"Yes","No") -> Yes | I21: 89 | J21: 30.1 | K21: 21 | L21: 1860 | M21: 28.6 | N21: 33.6 | O21: 20.6 | P21: 46.1 | Q21: 21.6 | R21: 26.5 | S21: 20.1 | T21: 27.1 | U21: 31.5 | V21: 64 | W21: 47 | X21: 47 | Y21: =AVERAGE(W21,X21) -> 47 | Z21: 47.5 | AA21: 47.3 | AB21: =AVERAGE(Z21,AA21) -> 47.4 | AC21: 45.8 | AD21: 46 | AE21: =AVERAGE(AC21,AD21) -> 45.9 | AF21: 1.06pm | AG21: 3.11pm | AH21: 3.18pm | AI21: 5.19pm | AJ21: 5.25pm | AK21: 7.25pm | AM21: 1.07pm | AN21: 7.27pm | AO21: Frame 220: Start of Study | AP21: 3.12pm | AQ21: 3.17pm | AR21: 5 | AS21: 5.20pm | AT21: 5.25pm | AU21: 5 | BC21: =IF(AND(G21="Male", J21>25, U21>24.9), "Obese", IF(AND(G21="Female", J21>32, U21>24.9), "Obese", "Not Obese")) -> Obese | BE21: CCTV time is 4 second early; CCTV time: 17:19:37 GCR filled at 17:19:41
A22: A019 | B22: 45479 | C22: 3D | D22: 23 | G22: Female | H22: =IF(OR(AND(G22="Male",J22>=25),AND(G22="Female",J22>=32)),"Yes","No") -> Yes | I22: 55.5 | J22: 35 | K22: 7.5 | L22: 1177 | M22: 22.6 | N22: 24.7 | O22: 17.1 | P22: 35.3 | Q22: 29.7 | R22: 46.7 | S22: 26.3 | T22: 40.6 | U22: 24.7 | V22: 55 | W22: 40.2 | X22: 40.1 | Y22: =AVERAGE(W22,X22) -> 40.15 | Z22: 42.5 | AA22: 42.8 | AB22: =AVERAGE(Z22,AA22) -> 42.65 | AC22: 39.5 | AD22: 38.4 | AE22: =AVERAGE(AC22,AD22) -> 38.95 | AF22: 1.02pm | AG22: 3.04pm | AH22: 3.09pm | AI22: 5.10pm | AJ22: 5.16pm | AK22: 7.17pm | AL22: 2.22pm: 3D_R Disconnected 3.48pm: 3D_R Disconnected 4.10pm 3D_R Disconnected | AM22: 1.02pm | AN22: 7.17pm | AO22: Tekscan stopped at Frame 2995 1.52pm. Restarted at 2.27pm 6.06pm: Adjust Pressure Mat (Back) Frame 13000 Tekscan stopped at Frame 15253. 6.49pm. Restarted at 6.53pm 6.57pm: Adjust Pressure Mat (Both) Frame 300 | AP22: 3.04pm | AQ22: 3.09pm | AR22: 5 | AS22: 5.10pm | AT22: 5.16pm | AU22: 6 | BB22: 1.22pm: Movement to fill in GCR 1.24pm: Movement to ask question 2.48pm: Movement to ask question | BC22: =IF(AND(G22="Male", J22>25, U22>24.9), "Obese", IF(AND(G22="Female", J22>32, U22>24.9), "Obese", "Not Obese")) -> Not Obese | BE22: CCTV time is 4 second early; CCTV time: 17:10:36 GCR filled at 17:10:40
A23: A020 | B23: 45479 | C23: 3F | D23: 20 | G23: Female | H23: =IF(OR(AND(G23="Male",J23>=25),AND(G23="Female",J23>=32)),"Yes","No") -> Yes | I23: 76 | J23: 37 | K23: 13 | L23: 1486 | M23: 23.9 | N23: 21.8 | O23: 16.6 | P23: 38.2 | Q23: 35.2 | R23: 47.9 | S23: 30.6 | T23: 44.3 | U23: 30.8 | V23: 64 | W23: 42.1 | X23: 43.4 | Y23: =AVERAGE(W23,X23) -> 42.75 | Z23: 46 | AA23: 46 | AB23: =AVERAGE(Z23,AA23) -> 46 | AC23: 39.8 | AD23: 39 | AE23: =AVERAGE(AC23,AD23) -> 39.4 | AF23: 12.17pm | AG23: 2.18pm | AH23: 2.23pm | AI23: 4.24pm | AJ23: 4.29pm | AK23: 6.30pm | AL23: 1.37pm: 3F_R Disconnected 1.57pm: 3F_R Disconnected 3.24pm: 3F_R Disconnected 3.43pm - 3.47pm: 3F_R Disconnected 4.03pm: 3F_R Disconnected. Lost 2000 points 4.11pm: 3F_R Disconnected | AM23: 12.17pm | AN23: 6.30pm | AO23: 3.52pm; Adjust Pressure Mat Frame 12800. Participant was stretching | AP23: 2.18pm | AQ23: 2.23pm | AR23: 5 | AS23: 4.24pm | AT23: 4.29pm | AU23: 5 | BB23: 2.32pm: Turn to talk to Researcher | BC23: =IF(AND(G23="Male", J23>25, U23>24.9), "Obese", IF(AND(G23="Female", J23>32, U23>24.9), "Obese", "Not Obese")) -> Obese | BE23: CCTV time is 3 second early; CCTV time: 14:17:52 GCR filled at 14:17:55
A24: A021 | B24: 45481 | C24: 2F | D24: 31 | G24: Female | H24: =IF(OR(AND(G24="Male",J24>=25),AND(G24="Female",J24>=32)),"Yes","No") -> No | I24: 50.2 | J24: 29.3 | K24: 3 | L24: 1120 | M24: 25.2 | N24: 28.9 | O24: 19.9 | P24: 37.2 | Q24: 23.2 | R24: 39.8 | S24: 19.9 | T24: 32.4 | U24: 19.6 | V24: 45 | W24: 38.8 | X24: 38.4 | Y24: =AVERAGE(W24,X24) -> 38.6 | Z24: 44 | AA24: 44.3 | AB24: =AVERAGE(Z24,AA24) -> 44.15 | AC24: 43.4 | AD24: 44 | AE24: =AVERAGE(AC24,AD24) -> 43.7 | AF24: 12.54pm | AG24: 2.54pm | AH24: 3.00pm | AI24: 5.01pm | AJ24: 5.06pm | AK24: 7.07pm | AM24: 12.53pm | AN24: 7.07pm | AP24: 2.54pm | AQ24: 3.00pm | AR24: 6 | AS24: 5.01pm | AT24: 5.06pm | AU24: 5 | BB24: 3.17pm - 3.19pm: Excessive Movements (Talking, Eating, etc) 5.27pm: Subject Using Phone 6.29pm - 6.31pm: Went Toilet (Frame 19950) 6.33pm: Gave Subject Paracetamol for Headache) 6.36pm: Subject Using Phone | BC24: =IF(AND(G24="Male", J24>25, U24>24.9), "Obese", IF(AND(G24="Female", J24>32, U24>24.9), "Obese", "Not Obese")) -> Not Obese | BE24: CCTV time is in-line with GCR
A25: A022 | B25: 45481 | C25: 2D | D25: 24 | G25: Female | H25: =IF(OR(AND(G25="Male",J25>=25),AND(G25="Female",J25>=32)),"Yes","No") -> No | I25: 43.3 | J25: 26.8 | K25: 1.5 | L25: 1018 | M25: 25.4 | N25: 30.6 | O25: 20.6 | P25: 36.1 | Q25: 20.5 | R25: 37 | S25: 17.3 | T25: 29.2 | U25: 17.6 | V25: 38 | W25: 36.3 | X25: 35.3 | Y25: =AVERAGE(W25,X25) -> 35.8 | Z25: 44.2 | AA25: 42.8 | AB25: =AVERAGE(Z25,AA25) -> 43.5 | AC25: 40.5 | AD25: 43.5 | AE25: =AVERAGE(AC25,AD25) -> 42 | AF25: 12.57pm | AG25: 2.58pm | AH25: 3.05pm | AI25: 5.09pm | AJ25: 5.15pm | AK25: 7.14pm | AL25: 1.05pm: 2D_R Stopped (up to 190 points) 5.15pm - 5.28pm: 2D_R Missing Data | AM25: 12.57pm | AN25: 7.14pm | AO25: 1.08pm: Check Tekscan (Back) Frame 650~ | AP25: 2.58pm | AQ25: 3.03pm | AR25: 5 | AS25: 5.09pm | AT25: 5.14pm | AU25: 5 | BB25: 1.59pm - 2.01pm: Movements due to researcher 2.04pm - 2.05pm: Movements due to researcher 3.10pm - 3.11pm: Movements due to researcher (eating) 3.17pm - 3.19pm: Movements due to researcher (talking / turning) 3,37pm - 3.38pm: Movements due to researcher (leaning forward for the screen) | BC25: =IF(AND(G25="Male", J25>25, U25>24.9), "Obese", IF(AND(G25="Female", J25>32, U25>24.9), "Obese", "Not Obese")) -> Not Obese | BE25: CCTV time is in-line with GCR
A26: A023 | B26: 45481 | C26: 3D | D26: 32 | E26: 36 | F26: 41 | G26: Male | H26: =IF(OR(AND(G26="Male",J26>=25),AND(G26="Female",J26>=32)),"Yes","No") -> Yes | I26: 110.8 | J26: 33.7 | K26: 23 | L26: 2183 | M26: 28.3 | N26: 32.8 | O26: 19.3 | P26: 45.7 | Q26: 24.4 | R26: 31.1 | S26: 23 | T26: 31.9 | U26: 35 | V26: 66 | W26: 54.6 | X26: 55.7 | Y26: =AVERAGE(W26,X26) -> 55.15 | Z26: 53.8 | AA26: 53.6 | AB26: =AVERAGE(Z26,AA26) -> 53.7 | AC26: 47.7 | AD26: 49.6 | AE26: =AVERAGE(AC26,AD26) -> 48.65 | AF26: 1.28pm | AG26: 3.28pm | AH26: 3.33pm | AI26: 5.29pm | AJ26: 5.37pm | AK26: 7.38pm | AM26: 1.28pm | AN26: 7.38pm | AO26: 5.24pm - 5.37pm: Tekscan (Back) Slipped down. Lost Connection | AP26: 3.28pm | AQ26: 3.33pm | AR26: 5 | AS26: 5.29pm | AT26: 5.37pm | AU26: 8 | BB26: 3.35pm - 3.37pm: Touching Screeen (but does not lean forward) Mentioned that Subject could not lean towards right. Hence more weight on LHS, Higher Discomfort Scores. In general, Subject experienced moderate discomfort | BC26: =IF(AND(G26="Male", J26>25, U26>24.9), "Obese", IF(AND(G26="Female", J26>32, U26>24.9), "Obese", "Not Obese")) -> Obese | BE26: CCTV time is in-line with GCR
A27: A024 | B27: 45482 | C27: 2D | D27: 31 | G27: Male | H27: =IF(OR(AND(G27="Male",J27>=25),AND(G27="Female",J27>=32)),"Yes","No") -> No | I27: 55.9 | J27: 22.3 | K27: 4.5 | L27: 1376 | M27: 32.1 | N27: 38.7 | O27: 25.5 | P27: 49.4 | Q27: 14.8 | R27: 21.4 | S27: 12.7 | T27: 21.2 | U27: 19.8 | V27: 31 | W27: 36.7 | X27: 36.7 | Y27: =AVERAGE(W27,X27) -> 36.7 | Z27: 46.2 | AA27: 46.1 | AB27: =AVERAGE(Z27,AA27) -> 46.15 | AC27: 47.1 | AD27: 47.3 | AE27: =AVERAGE(AC27,AD27) -> 47.2 | AF27: 1.29pm | AG27: 3.30pm | AH27: 3.36pm | AI27: 5.37pm | AJ27: 5.43pm | AK27: 7.44pm | AL27: 4.56pm: 2D_R Disconnected. Loss 13000 Points | AM27: 1.30pm | AN27: 7.44pm | AP27: 3.31pm | AQ27: 3.36pm | AR27: 5 | AS27: 5.37pm | AT27: 5.43pm | AU27: 6 | BC27: =IF(AND(G27="Male", J27>25, U27>24.9), "Obese", IF(AND(G27="Female", J27>32, U27>24.9), "Obese", "Not Obese")) -> Not Obese | BE27: CCTV time is in-line with GCR
A28: A025 | B28: 45482 | C28: 2F | D28: 31 | G28: Male | H28: =IF(OR(AND(G28="Male",J28>=25),AND(G28="Female",J28>=32)),"Yes","No") -> No | I28: 65.3 | J28: 19.1 | K28: 7 | L28: 1543 | M28: 33.2 | N28: 38.2 | O28: 27.2 | P28: 50.5 | Q28: 13.3 | R28: 18.2 | S28: 11.6 | T28: 17.7 | U28: 22.1 | V28: 39 | W28: 40 | X28: 38.6 | Y28: =AVERAGE(W28,X28) -> 39.3 | Z28: 46.6 | AA28: 47.5 | AB28: =AVERAGE(Z28,AA28) -> 47.05 | AC28: 46.3 | AD28: 45.1 | AE28: =AVERAGE(AC28,AD28) -> 45.7 | AF28: 12.48pm | AG28: 2.48pm | AH28: 2.54pm | AI28: 4.54pm | AJ28: 5.00pm | AK28: 7.00pm | AM28: 12.48pm | AN28: 7.00pm | AP28: 2.48pm | AQ28: 2.54pm | AR28: 6 | AS28: 4.54pm | AT28: 5.00pm | AU28: 6 | BC28: =IF(AND(G28="Male", J28>25, U28>24.9), "Obese", IF(AND(G28="Female", J28>32, U28>24.9), "Obese", "Not Obese")) -> Not Obese | BE28: CCTV time is in-line with GCR
A29: A026 | B29: 45482 | C29: 3D | D29: 15 | G29: Female | H29: =IF(OR(AND(G29="Male",J29>=25),AND(G29="Female",J29>=32)),"Yes","No") -> Yes | I29: 81.2 | J29: 41.3 | K29: 16 | L29: 1533 | M29: 21.4 | N29: 17.7 | O29: 14.6 | P29: 35.1 | Q29: 38.7 | R29: 55 | S29: 34.4 | T29: 52.5 | U29: 32.7 | V29: 67 | W29: 42.5 | X29: 42.9 | Y29: =AVERAGE(W29,X29) -> 42.7 | Z29: 46.5 | AA29: 46.5 | AB29: =AVERAGE(Z29,AA29) -> 46.5 | AC29: 41.5 | AD29: 41 | AE29: =AVERAGE(AC29,AD29) -> 41.25 | AF29: 12.08pm | AG29: 2.09pm | AH29: 2.16pm | AI29: 4.16pm | AJ29: 4.21pm | AK29: 6.21pm | AL29: 2.16pm - 2.41pm: Motion Sensor Data not saved 2.41pm: Motion Sensor Disconnected. Restarted. 4.42pm: Motion Sensor Stopped. Data Not Saved 6.01pm: 3D_R Disconnected. Lost 7000 points | AM29: 12.08pm | AN29: 6.21pm | AO29: 12.56pm: Adjust Pressure Mat (Back) Frame 2837 2.15pm - 2.16pm: 45 seconds Tekscan Missing (right after Break) 3.17pm: Adjust Pressure Mat (Back) Frame 3615 3.57pm: Adjust Pressure Mat (Back) Frame 5990 5.02pm: 60 seconds Tekscan Missing 6.07pm: Adjust Pressure Mat (Both) Frame 3800 | AP29: 2.09pm | AQ29: 2.14pm | AR29: 5 | AS29: 4.16pm | AT29: 4.21pm | AU29: 5 | BC29: =IF(AND(G29="Male", J29>25, U29>24.9), "Obese", IF(AND(G29="Female", J29>32, U29>24.9), "Obese", "Not Obese")) -> Obese | BE29: CCTV time is in-line with GCR
A30: A027 | B30: 45486 | C30: 2D | D30: 27 | G30: Male | H30: =IF(OR(AND(G30="Male",J30>=25),AND(G30="Female",J30>=32)),"Yes","No") -> No | I30: 59 | J30: 22.2 | K30: 7 | L30: 1421 | M30: 31.1 | N30: 37.6 | O30: 24.8 | P30: 48.5 | Q30: 15.1 | R30: 21.2 | S30: 13.2 | T30: 21 | U30: 21.9 | V30: 38 | W30: 37.2 | X30: 37.4 | Y30: =AVERAGE(W30,X30) -> 37.3 | Z30: 46 | AA30: 46 | AB30: =AVERAGE(Z30,AA30) -> 46 | AC30: 42 | AD30: 42.3 | AE30: =AVERAGE(AC30,AD30) -> 42.15 | AF30: 1.09pm | AG30: 3.10pm | AH30: 3.16pm | AI30: 5.17pm | AJ30: 5.23pm | AK30: 7.23pm | AL30: 2.30pm: 2D_R Stopped 2.47pm - 2.48pm: 2D_R Stopped 3.09pm: 2D_R Stopped 3.37pm: 2D_R Stopped (Lost 12500 Points) 4.57pm: 2D_R Stopped 5.43pm: 2D_R Stopped | AM30: 1.09pm | AN30: 7.23pm | AP30: 3.10pm | AQ30: 3.15pm | AR30: 5 | AS30: 5.17pm | AT30: 5.22pm | AU30: 5 | BB30: 5.24pm: Using Phone 5:45:30 - 5:47:15: Using Phone GCR App Notification Duplicate. Disable Notifications | BC30: =IF(AND(G30="Male", J30>25, U30>24.9), "Obese", IF(AND(G30="Female", J30>32, U30>24.9), "Obese", "Not Obese")) -> Not Obese | BE30: CCTV time is in-line with GCR
A31: A028 | B31: 45486 | C31: 2F | D31: 32 | G31: Female | H31: =IF(OR(AND(G31="Male",J31>=25),AND(G31="Female",J31>=32)),"Yes","No") -> Yes | I31: 78.9 | J31: 32.2 | K31: 9 | L31: 1573 | M31: 28 | N31: 26 | O31: 19.7 | P31: 42.7 | Q31: 31.2 | R31: 41.3 | S31: 26.2 | T31: 37.3 | U31: 28.6 | V31: 54 | W31: 44.4 | X31: 43.8 | Y31: =AVERAGE(W31,X31) -> 44.1 | Z31: 47 | AA31: 46.5 | AB31: =AVERAGE(Z31,AA31) -> 46.75 | AC31: 43.4 | AD31: 42.5 | AE31: =AVERAGE(AC31,AD31) -> 42.95 | AF31: 12.57pm | AG31: 2.58pm | AH31: 3.03pm | AI31: 5.04pm | AJ31: 5.10pm | AK31: 7.10pm | AM31: 12.57pm | AN31: 7.10pm | AP31: 2.58pm | AQ31: 3.03pm | AR31: 5 | AS31: 5.04pm | AT31: 5.10pm | AU31: 6 | BB31: GCR 9th Rating filled 3 mins early (Notifications Duplicate) Disable GCR Notifications | BC31: =IF(AND(G31="Male", J31>25, U31>24.9), "Obese", IF(AND(G31="Female", J31>32, U31>24.9), "Obese", "Not Obese")) -> Obese | BE31: CCTV time is in-line with GCR
A32: A029 | B32: 45486 | C32: 3D | D32: 27 | G32: Female | H32: =IF(OR(AND(G32="Male",J32>=25),AND(G32="Female",J32>=32)),"Yes","No") -> Yes | I32: 56.2 | J32: 32 | K32: 5 | L32: 1203 | M32: 24.5 | N32: 26.8 | O32: 18.9 | P32: 36.5 | Q32: 26.2 | R32: 43.1 | S32: 22.9 | T32: 36.3 | U32: 22 | V32: 51 | W32: 34.5 | X32: 34.6 | Y32: =AVERAGE(W32,X32) -> 34.55 | Z32: 46.5 | AA32: 45.9 | AB32: =AVERAGE(Z32,AA32) -> 46.2 | AC32: 41.5 | AD32: 42.4 | AE32: =AVERAGE(AC32,AD32) -> 41.95 | AF32: 12.38pm | AG32: 2.41pm | AH32: 2.46pm | AI32: 4.48pm | AJ32: 4.54pm | AK32: 6.55pm | AL32: 4.26pm: 3D_L Stopped | AM32: 12.42pm | AN32: 6.55pm | AO32: 1.02pm - 1.03pm: Restarted Tekscan Tekscan Disconnected during 2nd Toilet Break. No Data Missed 5.34pm - 5.35pm: Restarted Tekscan | AP32: 2.41pm | AQ32: 2.46pm | AR32: 5 | AS32: 4.48pm | AT32: 4.53pm | AU32: 5 | BB32: Tekscan has been delayed by 1 min 37 seconds | BC32: =IF(AND(G32="Male", J32>25, U32>24.9), "Obese", IF(AND(G32="Female", J32>32, U32>24.9), "Obese", "Not Obese")) -> Not Obese | BE32: CCTV time is in-line with GCR
A33: A030 | B33: 45486 | C33: 3F | D33: 31 | G33: Female | H33: =IF(OR(AND(G33="Male",J33>=25),AND(G33="Female",J33>=32)),"Yes","No") -> No | I33: 48.5 | J33: 26.9 | K33: 1.5 | L33: 1102 | M33: 26.1 | N33: 30.4 | O33: 20.8 | P33: 38.1 | Q33: 21 | R33: 36.9 | S33: 17.6 | T33: 29.3 | U33: 18.3 | V33: 44 | W33: 36.8 | X33: 36.2 | Y33: =AVERAGE(W33,X33) -> 36.5 | Z33: 45 | AA33: 45 | AB33: =AVERAGE(Z33,AA33) -> 45 | AC33: 45 | AD33: 44.7 | AE33: =AVERAGE(AC33,AD33) -> 44.85 | AF33: 12.24pm | AG33: 2.26pm | AH33: 2.33pm | AI33: 4.34pm | AJ33: 4.40pm | AK33: 6.44pm | AM33: 12.30pm | AN33: 6.44pm | AO33: 3.32pm: Adjust Pressure Mat (Seat) Frame 10750 | AP33: 2.26pm | AQ33: 2.33pm | AR33: 7 | AS33: 4.34pm | AT33: 4.40pm | AU33: 6 | BB33: 2.34pm - 3.00pm: GoPro Not Recording Tekscan has been delayed by 4 mins 42 seconds | BC33: =IF(AND(G33="Male", J33>25, U33>24.9), "Obese", IF(AND(G33="Female", J33>32, U33>24.9), "Obese", "Not Obese")) -> Not Obese | BE33: CCTV time is in-line with GCR
A34: A031 | B34: 45488 | C34: 2F | D34: 32 | E34: 34 | F34: 36 | G34: Male | H34: =IF(OR(AND(G34="Male",J34>=25),AND(G34="Female",J34>=32)),"Yes","No") -> Yes | I34: 86.8 | J34: 29 | K34: 17 | L34: 1834 | M34: 29.2 | N34: 34.5 | O34: 21.4 | P34: 46.6 | Q34: 20.5 | R34: 25.6 | S34: 18.8 | T34: 26.1 | U34: 29 | V34: 62 | W34: 43.4 | X34: 42.6 | Y34: =AVERAGE(W34,X34) -> 43 | Z34: 49 | AA34: 50 | AB34: =AVERAGE(Z34,AA34) -> 49.5 | AC34: 48.7 | AD34: 49 | AE34: =AVERAGE(AC34,AD34) -> 48.85 | AF34: 12.45pm | AG34: 2.46pm | AH34: 2.51pm | AI34: 4.52pm | AJ34: 4.58pm | AM34: 12.45pm | AP34: 2.46pm | AQ34: 2.51pm | AR34: 5 | AS34: 4.52pm | AT34: 4.57pm | AU34: 5 | BC34: =IF(AND(G34="Male", J34>25, U34>24.9), "Obese", IF(AND(G34="Female", J34>32, U34>24.9), "Obese", "Not Obese")) -> Obese | BE34: CCTV time is 1 second early; CCTV time: 14:46:35 GCR filled at 14:46:36
A35: A032 | B35: 45488 | C35: 3D | D35: 20 | G35: Female | H35: =IF(OR(AND(G35="Male",J35>=25),AND(G35="Female",J35>=32)),"Yes","No") -> No | I35: 58.8 | J35: 29.4 | K35: 4 | L35: 1258 | M35: 26.2 | N35: 28.3 | O35: 20.2 | P35: 39 | Q35: 24.7 | R35: 39.8 | S35: 21 | T35: 33.5 | U35: 21.6 | V35: 49 | W35: 41.1 | X35: 40.8 | Y35: =AVERAGE(W35,X35) -> 40.95 | Z35: 45.1 | AA35: 44.5 | AB35: =AVERAGE(Z35,AA35) -> 44.8 | AC35: 44.2 | AD35: 44 | AE35: =AVERAGE(AC35,AD35) -> 44.1 | AF35: 12.30pm | AG35: 2.31pm | AH35: 2.37pm | AI35: 4.38pm | AJ35: 4.44pm | AL35: 3D_R Stopped (missing about 8000 points in S2 1602: 3D_L Stopped | AM35: 12.31pm | AP35: 2.31pm | AQ35: 2.36pm | AR35: 5 | AS35: 4.38pm | AT35: 4.44pm | AU35: 6 | BB35: 12.36pm: Using Phone 1310: Leans forward to touch screen (while filling in ratings) 13:12:00 - 13:12:15 - Turns to put remote 1332 - 1335: Toilet (Frame 3790) Frame 6530 - 6575: Turn Left to pick up bottle and tissue 1438 - 14:39:30 - Use Phone (Right after 1st break) 1519 - 1522: Toilet 1824: Sneezing / Coughing for 1 min approx. | BC35: =IF(AND(G35="Male", J35>25, U35>24.9), "Obese", IF(AND(G35="Female", J35>32, U35>24.9), "Obese", "Not Obese")) -> Not Obese | BE35: CCTV time is 1 second early; CCTV time: 16:38:44 GCR filled at 16:38:45
A36: A033 | B36: 45489 | C36: 2D | D36: 24 | G36: Female | H36: =IF(OR(AND(G36="Male",J36>=25),AND(G36="Female",J36>=32)),"Yes","No") -> No | I36: 48.7 | J36: 26.9 | K36: 2 | L36: 1105 | M36: 26.1 | N36: 30.3 | O36: 20.8 | P36: 38.3 | Q36: 21.5 | R36: 36.9 | S36: 18 | T36: 30 | U36: 19 | V36: 43 | W36: 38.2 | X36: 36.8 | Y36: =AVERAGE(W36,X36) -> 37.5 | Z36: 44 | AA36: 42.7 | AB36: =AVERAGE(Z36,AA36) -> 43.35 | AC36: 43.3 | AD36: 43 | AE36: =AVERAGE(AC36,AD36) -> 43.15 | AF36: 12.40pm | AG36: 2.43pm | AH36: 2.48pm | AI36: 4.49pm | AJ36: 4.54pm | AK36: 6.55pm | AL36: 1.01pm: Motion Sensors Disconnected (5000 points lost) 3.28pm: Motion Sensors Disconnected 4.28pm: 2D_R Disconnected 5.54pm: 2D_R Disconnected 6.14pm: Motion Sensor App Crash 6.19pm: 2D_R Disconnected 6.34pm: 2D_R Disconnected | AM36: 12.41pm | AN36: 6.55pm | AP36: 2.43pm | AQ36: 2.48pm | AR36: 5 | AS36: 4.49pm | AT36: 4.54pm | AU36: 5 | BC36: =IF(AND(G36="Male", J36>25, U36>24.9), "Obese", IF(AND(G36="Female", J36>32, U36>24.9), "Obese", "Not Obese")) -> Not Obese | BE36: CCTV time is in-line with GCR
A37: A034 | B37: 45489 | C37: 2F | D37: 32 | G37: Female | H37: =IF(OR(AND(G37="Male",J37>=25),AND(G37="Female",J37>=32)),"Yes","No") -> No | I37: 56.3 | J37: 30.9 | K37: 7 | L37: 1209 | M37: 25 | N37: 27.3 | O37: 18.8 | P37: 38.5 | Q37: 27.4 | R37: 40.7 | S37: 23.3 | T37: 35 | U37: 24.4 | V37: 56 | W37: 38.9 | X37: 39.8 | Y37: =AVERAGE(W37,X37) -> 39.35 | Z37: 43.4 | AA37: 43.2 | AB37: =AVERAGE(Z37,AA37) -> 43.3 | AC37: 39.1 | AD37: 39.1 | AE37: =AVERAGE(AC37,AD37) -> 39.1 | AF37: 12.49pm | AG37: 2.51pm | AH37: 2.56pm | AI37: 4.57pm | AJ37: 5.02pm | AK37: 7.02pm | AM37: 12.49pm | AN37: 7.03pm | AP37: 2.51pm | AQ37: 2.56pm | AR37: 5 | AS37: 4.57pm | AT37: 5.02pm | AU37: 5 | BB37: Disable GCR App Notifications, missing minicam footage (unable to find from 2F sd card) | BC37: =IF(AND(G37="Male", J37>25, U37>24.9), "Obese", IF(AND(G37="Female", J37>32, U37>24.9), "Obese", "Not Obese")) -> Not Obese | BE37: CCTV time is in-line with GCR
A38: A035 | B38: 45489 | C38: 3D | D38: 16 | G38: Male | H38: =IF(OR(AND(G38="Male",J38>=25),AND(G38="Female",J38>=32)),"Yes","No") -> No | I38: 77.4 | J38: 24.4 | K38: 9.5 | L38: 1718 | M38: 31.9 | N38: 36.8 | O38: 24.7 | P38: 49.2 | Q38: 16.9 | R38: 23.1 | S38: 15.1 | T38: 23 | U38: 24.4 | V38: 46 | W38: 40.8 | X38: 39.3 | Y38: =AVERAGE(W38,X38) -> 40.05 | Z38: 50.6 | AA38: 51.7 | AB38: =AVERAGE(Z38,AA38) -> 51.15 | AC38: 50 | AD38: 50.1 | AE38: =AVERAGE(AC38,AD38) -> 50.05 | AF38: 12.52pm | AG38: 2.52pm | AH38: 2.57pm | AI38: 4.57pm | AJ38: 5.02pm | AK38: 7.03pm | AL38: 1.31pm: 3D_L Disconnected 5.22pm: 3D_L Disconnected 6.02pm: Motion Sensors Disconnected 6.22pm: Motion Sensors Disconnected 7.02pm: 3D_L Disconnected | AM38: 12.52pm | AN38: 7.04pm | AP38: 2.52pm | AQ38: 2.57pm | AR38: 5 | AS38: 4.57pm | AT38: 5.02pm | AU38: 5 | BB38: 4:07:30pm - 4.08pm: Moved to grab item from bag 4.51pm: Subject Fidgeting with Pen (Pen Clicking) 5.45pm: CCTV Recording Restarted 6.42pm: Subject Open Seat Table | BC38: =IF(AND(G38="Male", J38>25, U38>24.9), "Obese", IF(AND(G38="Female", J38>32, U38>24.9), "Obese", "Not Obese")) -> Not Obese | BE38: CCTV time is in-line with GCR
A39: A036 | B39: 45489 | C39: 3F | D39: 30 | G39: Female | H39: =IF(OR(AND(G39="Male",J39>=25),AND(G39="Female",J39>=32)),"Yes","No") -> No | I39: 57.2 | J39: 29.2 | K39: 4.5 | L39: 1233 | M39: 26.1 | N39: 28.5 | O39: 20.2 | P39: 39.4 | Q39: 25.3 | R39: 39.4 | S39: 21.3 | T39: 33.8 | U39: 22.6 | V39: 49 | W39: 38.8 | X39: 37.8 | Y39: =AVERAGE(W39,X39) -> 38.3 | Z39: 44.4 | AA39: 44.9 | AB39: =AVERAGE(Z39,AA39) -> 44.65 | AC39: 41.8 | AD39: 42.3 | AE39: =AVERAGE(AC39,AD39) -> 42.05 | AF39: 12.31pm | AG39: 2.29pm | AH39: 2.35pm | AI39: 4.35pm | AJ39: 4.42pm | AK39: 6.43pm | AL39: 12.28pm - 12.31pm: Motion Sensor App Crash. Data Loss 3.36pm: Motion Sensors Disconnected 5.23pm: 3F_L Disconnected 6.42pm: 3F_L Disconnected | AM39: 12.27pm | AN39: 6.44pm | AP39: 2.29pm | AQ39: 2.35pm | AR39: 6 | AS39: 4.36pm | AT39: 4.42pm | AU39: 6 | BB39: 5.45pm: CCTV Recording Restarted 5.55pm: Disable GCR App Notifications | BC39: =IF(AND(G39="Male", J39>25, U39>24.9), "Obese", IF(AND(G39="Female", J39>32, U39>24.9), "Obese", "Not Obese")) -> Not Obese | BE39: CCTV time is in-line with GCR
A40: A037 | B40: 45510 | C40: 2D | D40: 25 | G40: Female | H40: =IF(OR(AND(G40="Male",J40>=25),AND(G40="Female",J40>=32)),"Yes","No") -> Yes | I40: 54 | J40: 34.9 | K40: 7 | L40: 1154 | M40: 22.4 | N40: 24.9 | O40: 17 | P40: 35.1 | Q40: 29.1 | R40: 46.3 | S40: 25.9 | T40: 39.5 | U40: 24 | V40: 56 | W40: 37 | X40: 37.9 | Y40: =AVERAGE(W40,X40) -> 37.45 | Z40: 44.6 | AA40: 44.7 | AB40: =AVERAGE(Z40,AA40) -> 44.65 | AC40: 43.6 | AD40: 43.6 | AE40: =AVERAGE(AC40,AD40) -> 43.6 | AF40: 12.48pm | AG40: 2.49pm | AH40: 2.56pm | AI40: 4.57pm | AJ40: 5.02pm | AK40: 7.03pm | AL40: 1.30pm: 2D_R Disconnected 1.50pm: 2D_L Disconnected 4.17pm: Both Disconnected 5.24pm: Both Disconnected 6.02pm: 2D_R Disconnected 6.23pm: 2D_R Disconnected 6.42pm: Both Disconnected | AM40: 12.49pm | AN40: 7.03pm | AP40: 2.50pm | AQ40: 2.55pm | AR40: 5 | AS40: 4.57pm | AT40: 5.02pm | AU40: 5 | BB40: Extra Entry at 5.17pm - Disable App Notification 6:23:30 => Lean Forward to talk to researcher 6:43:30 => Movements to talk to researcher | BC40: =IF(AND(G40="Male", J40>25, U40>24.9), "Obese", IF(AND(G40="Female", J40>32, U40>24.9), "Obese", "Not Obese")) -> Not Obese | BE40: CCTV time is in-line with GCR
A41: A038 | B41: 45492 | C41: 2F | D41: 18 | G41: Female | H41: =IF(OR(AND(G41="Male",J41>=25),AND(G41="Female",J41>=32)),"Yes","No") -> Yes | I41: 48.8 | J41: 35.7 | K41: 6 | L41: 1070 | M41: 21.4 | N41: 24.8 | O41: 16.1 | P41: 33.4 | Q41: 28.3 | R41: 46.7 | S41: 25.6 | T41: 38.1 | U41: 22.3 | V41: 58 | W41: 37.5 | X41: 37 | Y41: =AVERAGE(W41,X41) -> 37.25 | Z41: 41.9 | AA41: 41.7 | AB41: =AVERAGE(Z41,AA41) -> 41.8 | AC41: 38.9 | AD41: 38.2 | AE41: =AVERAGE(AC41,AD41) -> 38.55 | AF41: 12.46pm | AG41: 2.47pm | AH41: 2.50pm | AI41: 4.51pm | AJ41: 4.56pm | AK41: 6.57pm | AL41: Gyroscope set to 500 2.26pm: 2F_L Disconnected | AM41: 12.45pm | AN41: 6.57pm | AP41: 2.47pm | AQ41: 2.50pm | AR41: 3 | AS41: 4.51pm | AT41: 4.56pm | AU41: 5 | BB41: 12.52pm: Turn to talk to Researcher 2nd GCR filled 6 mins late 2.28pm - 2.31pm: Subject Went to Toilet | BC41: =IF(AND(G41="Male", J41>25, U41>24.9), "Obese", IF(AND(G41="Female", J41>32, U41>24.9), "Obese", "Not Obese")) -> Not Obese | BE41: CCTV time is 4 seconds early; CCTV time: 14:47:14 GCR filled at 14:47:18
A42: A039 | B42: 45492 | C42: 3D | D42: 19 | G42: Female | H42: =IF(OR(AND(G42="Male",J42>=25),AND(G42="Female",J42>=32)),"Yes","No") -> Yes | I42: 63.1 | J42: 33.4 | K42: 6.5 | L42: 1305 | M42: 24.4 | N42: 25.2 | O42: 18.2 | P42: 37.3 | Q42: 28.3 | R42: 44.4 | S42: 24.8 | T42: 37.9 | U42: 23.7 | V42: 58 | W42: 40.2 | X42: 40.2 | Y42: =AVERAGE(W42,X42) -> 40.2 | Z42: 45.8 | AA42: 45.7 | AB42: =AVERAGE(Z42,AA42) -> 45.75 | AC42: 44.6 | AD42: 45.1 | AE42: =AVERAGE(AC42,AD42) -> 44.85 | AF42: 12.22pm | AG42: 2.24pm | AH42: 2.30pm | AI42: 4.30pm | AJ42: 4.36pm | AK42: 6.37pm | AL42: 1.02pm: Motion Sensors Disconnected 2.02pm: Motion Sensors Disconnected 2.21pm: 3D_R Stopped 3.10pm: 3D_L Stopped 3.30pm: 3D_R Stopped 3.50pm: 3D_R Stopped 4.10pm Motion Sensors Stopped 6.16pm: Motion Sensors Stopped 6.36pm: 3D_L Stopped | AM42: 12.22pm | AN42: 6.38pm | AP42: 2.24pm | AQ42: 2.29pm | AR42: 5 | AS42: 4.31pm | AT42: 4.36pm | AU42: 5 | BC42: =IF(AND(G42="Male", J42>25, U42>24.9), "Obese", IF(AND(G42="Female", J42>32, U42>24.9), "Obese", "Not Obese")) -> Not Obese | BE42: CCTV time is 4 seconds early; CCTV time: 14:24:33 GCR filled at 14:24:37
A43: A040 | B43: 45492 | C43: 3F | D43: 17 | G43: Male | H43: =IF(OR(AND(G43="Male",J43>=25),AND(G43="Female",J43>=32)),"Yes","No") -> Yes | I43: 74.5 | J43: 25.2 | K43: 11 | L43: 1660 | M43: 30.5 | N43: 36.1 | O43: 23.5 | P43: 47.9 | Q43: 17.5 | R43: 22.9 | S43: 15.7 | T43: 23.1 | U43: 24.9 | V43: 52 | W43: 39.3 | X43: 39.3 | Y43: =AVERAGE(W43,X43) -> 39.3 | Z43: 47.9 | AA43: 49.1 | AB43: =AVERAGE(Z43,AA43) -> 48.5 | AC43: 46.9 | AD43: 45.1 | AE43: =AVERAGE(AC43,AD43) -> 46 | AF43: 12.20pm | AG43: 2.19pm | AH43: 2.27pm | AI43: 4.25pm | AJ43: 4.31pm | AK43: 6.32pm | AL43: 4.05pm: 3F_R Disconnected | AM43: 12.19pm | AN43: 6.32pm | AP43: 2.20pm | AQ43: 2.25pm | AR43: 5 | AS43: 4.26pm | AT43: 4.31pm | AU43: 5 | BB43: 12:19:50 - 12:21:10 => Movements to talk to researcher 12:41:00 - 21:41:10 => Leaned Right to pick up phone 12:59:30 - 12:59:45 => Movements to talk to researcher 1:00:30 - 1:00:50 => Movements to talk to researcher 3.30pm - Subject Turned body (Phone Call) | BC43: =IF(AND(G43="Male", J43>25, U43>24.9), "Obese", IF(AND(G43="Female", J43>32, U43>24.9), "Obese", "Not Obese")) -> Not Obese | BE43: CCTV time is 4 seconds early; CCTV time: 16:26:03 GCR filled at 16:26:07
A44: A041 | B44: 45493 | C44: 2D | D44: 21 | G44: Female | H44: =IF(OR(AND(G44="Male",J44>=25),AND(G44="Female",J44>=32)),"Yes","No") -> No | I44: 56.2 | J44: 31.1 | K44: 5 | L44: 1207 | M44: 24.9 | N44: 27.2 | O44: 19.2 | P44: 37.4 | Q44: 26.2 | R44: 42 | S44: 22.6 | T44: 35.8 | U44: 22.5 | V44: 50 | W44: 35.2 | X44: 35.8 | Y44: =AVERAGE(W44,X44) -> 35.5 | Z44: 44.5 | AA44: 44.5 | AB44: =AVERAGE(Z44,AA44) -> 44.5 | AC44: 43.8 | AD44: 41.3 | AE44: =AVERAGE(AC44,AD44) -> 42.55 | AF44: 12.25pm | AG44: 2.26pm | AH44: 2.29pm | AI44: 4.30pm | AJ44: 4.35pm | AK44: 6.36pm | AL44: 1.25pm: 2D_R Disconnected 5.55pm: 2D_R Disconnected 6.35pm: 2D_R Disconnected | AM44: 12.24pm | AN44: 6.36pm | AP44: 2.26pm | AQ44: 2.29pm | AR44: 3 | AS44: 4.30pm | AT44: 4.35pm | AU44: 5 | BB44: 2:06:25 - 2:12:40 => Toilet Break | BC44: =IF(AND(G44="Male", J44>25, U44>24.9), "Obese", IF(AND(G44="Female", J44>32, U44>24.9), "Obese", "Not Obese")) -> Not Obese | BE44: CCTV time is in-line with GCR
A45: A042 | B45: 45493 | C45: 2F | D45: 25 | G45: Female | H45: =IF(OR(AND(G45="Male",J45>=25),AND(G45="Female",J45>=32)),"Yes","No") -> Yes | I45: 71.6 | J45: 34.5 | K45: 9.5 | L45: 1434 | M45: 25 | N45: 24 | O45: 18 | P45: 39 | Q45: 31.9 | R45: 45.1 | S45: 27.5 | T45: 40.5 | U45: 28 | V45: 60 | W45: 43.5 | X45: 43.4 | Y45: =AVERAGE(W45,X45) -> 43.45 | Z45: 50 | AA45: 49.2 | AB45: =AVERAGE(Z45,AA45) -> 49.6 | AC45: 43.4 | AD45: 42.9 | AE45: =AVERAGE(AC45,AD45) -> 43.15 | AF45: 12.32pm | AG45: 2.33pm | AH45: 2.38pm | AI45: 4.39pm | AJ45: 4.43pm | AK45: 6.44pm | AL45: 4.17pm: 2F_L Disconneceted | AM45: 12.32pm | AN45: 6.45pm | AP45: 2.33pm | AQ45: 2.38pm | AR45: 5 | AS45: 4.39pm | AT45: 4.44pm | AU45: 5 | BC45: =IF(AND(G45="Male", J45>25, U45>24.9), "Obese", IF(AND(G45="Female", J45>32, U45>24.9), "Obese", "Not Obese")) -> Obese | BE45: CCTV time is in-line with GCR
A46: A043 | B46: 45493 | C46: 3D | D46: 27 | G46: Female | H46: =IF(OR(AND(G46="Male",J46>=25),AND(G46="Female",J46>=32)),"Yes","No") -> Yes | I46: 62.3 | J46: 36.1 | K46: 9 | L46: 1277 | M46: 22.8 | N46: 23.5 | O46: 16.4 | P46: 36.2 | Q46: 30.9 | R46: 46.6 | S46: 27.4 | T46: 39.6 | U46: 25.6 | V46: 69 | W46: 41.9 | X46: 41.4 | Y46: =AVERAGE(W46,X46) -> 41.65 | Z46: 45.5 | AA46: 45.6 | AB46: =AVERAGE(Z46,AA46) -> 45.55 | AC46: 42 | AD46: 41.9 | AE46: =AVERAGE(AC46,AD46) -> 41.95 | AF46: 12.48pm | AG46: 2.50pm | AH46: 2.56pm | AI46: 4.57pm | AJ46: 5.02pm | AK46: 7.03pm | AL46: 1.09pm: 3D_L Disconnected 2.29pm: 3D_R Disconnected 3.18pm: 3D_L Disconnected 4.17pm: Both Disconnected 4.37pm: Both Disconnected 5.42pm: 3D_R Disconnected 6.02pm: 3D_R Disconnected 6.22pm: Both Disconnected 7.02pm: 3D_R Disconnected | AM46: 12.48pm | AN46: 7.03pm | AO46: 1.42pm: Restart Tekscan 2.59pm: Restart Tekscan | AP46: 2.51pm | AQ46: 2.56pm | AR46: 5 | AS46: 4.57pm | AT46: 5.02pm | AU46: 5 | BB46: 2.29pm: GCR Rating did not go through. Submitted at 2.37pm Disable GCR Notifications 3.57pm: Subject Lean Forward to touch screen | BC46: =IF(AND(G46="Male", J46>25, U46>24.9), "Obese", IF(AND(G46="Female", J46>32, U46>24.9), "Obese", "Not Obese")) -> Obese | BE46: CCTV time is in-line with GCR
A47: A044 | B47: 45493 | C47: 3F | D47: 22 | E47: 26 | F47: 26 | G47: Male | H47: =IF(OR(AND(G47="Male",J47>=25),AND(G47="Female",J47>=32)),"Yes","No") -> Yes | I47: 81.5 | J47: 28.2 | K47: 18 | L47: 1750 | M47: 28.8 | N47: 33.9 | O47: 21.3 | P47: 46.2 | Q47: 20 | R47: 24.3 | S47: 18.4 | T47: 24.8 | U47: 28.9 | V47: 64 | W47: 45.1 | X47: 45.2 | Y47: =AVERAGE(W47,X47) -> 45.15 | Z47: 45 | AA47: 44.1 | AB47: =AVERAGE(Z47,AA47) -> 44.55 | AC47: 46 | AD47: 45.1 | AE47: =AVERAGE(AC47,AD47) -> 45.55 | AF47: 12.49pm | AG47: 2.50pm | AH47: 2.55pm | AI47: 4.57pm | AJ47: 5.02pm | AK47: 7.02pm | AL47: 7.02pm: 3F_R Disconnected | AM47: 12.48pm | AN47: 7.03pm | AP47: 2.50pm | AQ47: 2.55pm | AR47: 5 | AS47: 4.57pm | AT47: 5.02pm | AU47: 5 | BB47: 6th GCR filled 6 mins late (WIFI Problem) 3:55:00 - 3:56:30 => Using Phone 6.24:30 - 6.28pm => Eating KitKat | BC47: =IF(AND(G47="Male", J47>25, U47>24.9), "Obese", IF(AND(G47="Female", J47>32, U47>24.9), "Obese", "Not Obese")) -> Obese | BE47: CCTV time is in-line with GCR
A48: A045 | B48: 45499 | C48: 2D | D48: 18 | G48: Female | H48: =IF(OR(AND(G48="Male",J48>=25),AND(G48="Female",J48>=32)),"Yes","No") -> Yes | I48: 64.1 | J48: 34.9 | K48: 9 | L48: 1311 | M48: 23.6 | N48: 24.1 | O48: 17.3 | P48: 37.2 | Q48: 31.1 | R48: 45.9 | S48: 27.2 | T48: 40.6 | U48: 26.7 | V48: 61 | W48: 39.6 | X48: 39.7 | Y48: =AVERAGE(W48,X48) -> 39.65 | Z48: 45.1 | AA48: 45 | AB48: =AVERAGE(Z48,AA48) -> 45.05 | AC48: 40.4 | AD48: 40 | AE48: =AVERAGE(AC48,AD48) -> 40.2 | AF48: 12.30pm | AG48: 2.34pm | AH48: 2.39pm | AI48: 4.40pm | AJ48: 4.45pm | AK48: 6.46pm | AL48: 2.00pm: 2D_R Disconnected | AM48: 12.31pm | AN48: 6.46pm | AP48: 2.34pm | AQ48: 2.39pm | AR48: 5 | AS48: 4.40pm | AT48: 4.45pm | AU48: 5 | BB48: 1.50pm: Subject talking to A046 for a few seconds 1.58pm: Subject stood up for 1 second 2.06pm - 2.08pm: CCTV Recording 2 min lost 2:20:20 - 2:21:20 = Movements to take something out of bag 5.57pm - 5.58pm: Subject reach forward to touch screen | BC48: =IF(AND(G48="Male", J48>25, U48>24.9), "Obese", IF(AND(G48="Female", J48>32, U48>24.9), "Obese", "Not Obese")) -> Obese | BE48: CCTV time is in-line with GCR
A49: A046 | B49: 45499 | C49: 2F | D49: 22 | G49: Male | H49: =IF(OR(AND(G49="Male",J49>=25),AND(G49="Female",J49>=32)),"Yes","No") -> Yes | I49: 78.6 | J49: 26.8 | K49: 9.5 | L49: 1720 | M49: 30.5 | N49: 36.3 | O49: 23 | P49: 47.9 | Q49: 18.3 | R49: 24.7 | S49: 16.2 | T49: 24.9 | U49: 23.5 | V49: 52 | W49: 43 | X49: 43.9 | Y49: =AVERAGE(W49,X49) -> 43.45 | Z49: 48.8 | AA49: 47.8 | AB49: =AVERAGE(Z49,AA49) -> 48.3 | AC49: 48 | AD49: 49 | AE49: =AVERAGE(AC49,AD49) -> 48.5 | AF49: 12.41pm | AG49: 2.42pm | AH49: 2.47pm | AI49: 4.48pm | AJ49: 4.53pm | AK49: 6.53pm | AM49: 12.39pm | AN49: 6.54pm | AP49: 2.42pm | AQ49: 2.47pm | AR49: 5 | AS49: 4.48pm | AT49: 4.53pm | AU49: 5 | BB49: 12.51pm: Subject Touch Screen (Change Subtitles) 1.20pm: Movements to talk to researcher 1.50pm: Subject talking to A045 for a few seconds 2.06pm - 2.08pm: CCTV Recording 2 mins lost Subject mentioned that he "just" rated as "2" when he felt slight discomfort => To review along with pressure changes | BC49: =IF(AND(G49="Male", J49>25, U49>24.9), "Obese", IF(AND(G49="Female", J49>32, U49>24.9), "Obese", "Not Obese")) -> Not Obese | BE49: CCTV time is in-line with GCR
A50: A047 | B50: 45535 | C50: 2F | D50: 24 | G50: Female | H50: =IF(OR(AND(G50="Male",J50>=25),AND(G50="Female",J50>=32)),"Yes","No") -> Yes | I50: 59.9 | J50: 35.6 | K50: 5 | L50: 1245 | M50: 23.3 | N50: 24.6 | O50: 17.7 | P50: 34.5 | Q50: 27.9 | R50: 27.9 | S50: 25.3 | T50: 39.9 | U50: 21.7 | V50: 55 | W50: 37.8 | X50: 38.3 | Y50: =AVERAGE(W50,X50) -> 38.05 | Z50: 47.1 | AA50: 47.4 | AB50: =AVERAGE(Z50,AA50) -> 47.25 | AC50: 44.7 | AD50: 44.6 | AE50: =AVERAGE(AC50,AD50) -> 44.65 | AF50: 12.50pm | AG50: 2.52pm | AH50: 2.57pm | AI50: 4.58pm | AJ50: 5.03pm | AK50: 7.04pm | AL50: 6.32pm-6.33.40pm: Went toilet (stopped motion) | AM50: 12.50pm | AN50: 7.04pm | AP50: 2.52pm | AQ50: 2.57pm | AR50: 5 | AS50: 4.58pm | AT50: 5.03pm | AU50: 5 | BB50: 1.30pm: Took eyedrop out of the bag 6.10pm: Participant stretches and puts all her weight on seat mat (00:15 on CCTV) 6.32.00-6.33.40pm (up to Tekscan Frame 20377): Went to toilet | BC50: =IF(AND(G50="Male", J50>25, U50>24.9), "Obese", IF(AND(G50="Female", J50>32, U50>24.9), "Obese", "Not Obese")) -> Not Obese | BE50: CCTV time off; CCTV time: 20:56:32, GCR filled: 14:51:53; Difference: 17H 55m 21s
A51: A048 | B51: 45535 | C51: 3F | D51: 17 | G51: Female | H51: =IF(OR(AND(G51="Male",J51>=25),AND(G51="Female",J51>=32)),"Yes","No") -> Yes | I51: 63.9 | J51: 37.6 | K51: 11 | L51: 1292 | M51: 21.9 | N51: 22.1 | O51: 16.2 | P51: 35.2 | Q51: 34 | R51: 50.5 | S51: 30 | T51: 46.7 | U51: 28.8 | V51: 56 | W51: 44.1 | X51: 43.3 | Y51: =AVERAGE(W51,X51) -> 43.7 | Z51: 49.4 | AA51: 49.1 | AB51: =AVERAGE(Z51,AA51) -> 49.25 | AC51: 38 | AD51: 39 | AE51: =AVERAGE(AC51,AD51) -> 38.5 | AF51: 12.23pm | AG51: 2.23pm | AH51: 2.28pm | AI51: 4.29pm | AJ51: 4.34pm | AK51: 6.34pm | AM51: 12.22pm | AN51: 6.34pm | AP51: 2.23pm | AQ51: 2.28pm | AR51: 5 | AS51: 4.29pm | AT51: 4.34pm | AU51: 5 | BB51: [CCTV 21:43:43 - ICM] | BC51: =IF(AND(G51="Male", J51>25, U51>24.9), "Obese", IF(AND(G51="Female", J51>32, U51>24.9), "Obese", "Not Obese")) -> Obese | BE51: CCTV time off; CCTV time: 20:28:02, GCR filled: 14:23:24; Difference: 17H 55m 22s; 00:39:10 [CCTV]: end of study -> 6.34PM; 4:29:27PM == 22:34:03
A52: A049 | B52: 45500 | C52: 2D | D52: 31 | G52: Male | H52: =IF(OR(AND(G52="Male",J52>=25),AND(G52="Female",J52>=32)),"Yes","No") -> No | I52: 69.3 | J52: 24.7 | K52: 9.5 | L52: 1579 | M52: 30.7 | N52: 36.9 | O52: 23.8 | P52: 48.1 | Q52: 17 | R52: 23.1 | S52: 15.1 | T52: 23.1 | U52: 24 | V52: 47 | W52: 37.9 | X52: 39.6 | Y52: =AVERAGE(W52,X52) -> 38.75 | Z52: 44.2 | AA52: 45.3 | AB52: =AVERAGE(Z52,AA52) -> 44.75 | AC52: 47.6 | AD52: 46.3 | AE52: =AVERAGE(AC52,AD52) -> 46.95 | AF52: 12.49pm | AG52: 2.49pm | AH52: 2.54pm | AI52: 4.55pm | AJ52: 5.01pm | AK52: 7.02pm | AL52: 5.21pm: 2D_L Stopped | AM52: 12.48pm | AN52: 7.02pm | AP52: 2.49pm | AQ52: 2.54pm | AR52: 5 | AS52: 4.55pm | AT52: 5.01pm | AU52: 6 | BB52: 2.49pm: Movements before break 3.54pm: Fell Asleep 4.01pm - 4.02pm: Movements to take bag 4.47pm: Turn to pick up phone | BC52: =IF(AND(G52="Male", J52>25, U52>24.9), "Obese", IF(AND(G52="Female", J52>32, U52>24.9), "Obese", "Not Obese")) -> Not Obese | BE52: CCTV time is 189 seconds early; CCTV time: 16:52:07 GCR filled at 16:55:16 | BK52: A048-A064 CCTV record timing off
A53: A050 | B53: 45500 | C53: 2F | D53: 31 | G53: Male | H53: =IF(OR(AND(G53="Male",J53>=25),AND(G53="Female",J53>=32)),"Yes","No") -> No | I53: 71.5 | J53: 24.1 | K53: 11.5 | L53: 1615 | M53: 30.6 | N53: 35.8 | O53: 23.8 | P53: 47.9 | Q53: 16.7 | R53: 21.4 | S53: 15 | T53: 21.5 | U53: 24.7 | V53: 53 | W53: 39.6 | X53: 39.6 | Y53: =AVERAGE(W53,X53) -> 39.6 | Z53: 47.3 | AA53: 47.3 | AB53: =AVERAGE(Z53,AA53) -> 47.3 | AC53: 48.8 | AD53: 48.5 | AE53: =AVERAGE(AC53,AD53) -> 48.65 | AF53: 12.46pm | AG53: 2.48pm | AH53: 2.53pm | AI53: 4.54pm | AJ53: 5.00pm | AK53: 7.01pm | AM53: 12.47pm | AN53: 7.02pm | AP53: 2.48pm | AQ53: 2.53pm | AR53: 5 | AS53: 4.54pm | AT53: 5.00pm | AU53: 6 | BB53: 5.00pm - 5.01pm: Using Phone | BC53: =IF(AND(G53="Male", J53>25, U53>24.9), "Obese", IF(AND(G53="Female", J53>32, U53>24.9), "Obese", "Not Obese")) -> Not Obese | BE53: CCTV time is 187 seconds early; CCTV time: 16:50:57 GCR filled at 16:54:04
A54: A051 | B54: 45500 | C54: 3D | D54: 31 | E54: 40 | F54: 41 | G54: Male | H54: =IF(OR(AND(G54="Male",J54>=25),AND(G54="Female",J54>=32)),"Yes","No") -> Yes | I54: 80.2 | J54: 30.5 | K54: 13.5 | L54: 1719 | M54: 28.4 | N54: 34.7 | O54: 20.3 | P54: 45.8 | Q54: 20.9 | R54: 28.2 | S54: 18.9 | T54: 28.8 | U54: 26.2 | V54: 59 | W54: 42.2 | X54: 42.2 | Y54: =AVERAGE(W54,X54) -> 42.2 | Z54: 49.3 | AA54: 48 | AB54: =AVERAGE(Z54,AA54) -> 48.65 | AC54: 49 | AD54: 50 | AE54: =AVERAGE(AC54,AD54) -> 49.5 | AF54: 1.07pm | AG54: 3.07pm | AH54: 3.13pm | AI54: 5.14pm | AJ54: 5.19pm | AK54: 7.20pm | AL54: 6.39pm: Both Disconnected | AM54: 1.07pm | AN54: 7.20pm | AP54: 3.08pm | AQ54: 3.13pm | AR54: 5 | AS54: 5.14pm | AT54: 5.19pm | AU54: 5 | BB54: 2:36:20pm & 2:46:00pm & 4:50:30pm & 6:26:10pm: Pushed the seat back, slight change in seat angle | BC54: =IF(AND(G54="Male", J54>25, U54>24.9), "Obese", IF(AND(G54="Female", J54>32, U54>24.9), "Obese", "Not Obese")) -> Obese | BE54: CCTV time is 189 seconds early; CCTV time: 15:05:01 GCR filled at 15:08:10
A55: A052 | B55: 45500 | C55: 3F | D55: 23 | G55: Female | H55: =IF(OR(AND(G55="Male",J55>=25),AND(G55="Female",J55>=32)),"Yes","No") -> No | I55: 44.1 | J55: 24.7 | K55: 1.5 | L55: 1039 | M55: 26.5 | N55: 31.8 | O55: 21.5 | P55: 37.1 | Q55: 19.3 | R55: 34.7 | S55: 15.8 | T55: 27.8 | U55: 17.4 | V55: 36 | W55: 36 | X55: 35.3 | Y55: =AVERAGE(W55,X55) -> 35.65 | Z55: 43.6 | AA55: 43.3 | AB55: =AVERAGE(Z55,AA55) -> 43.45 | AC55: 42.8 | AD55: 43 | AE55: =AVERAGE(AC55,AD55) -> 42.9 | AF55: 1.14pm | AG55: 3.15pm | AH55: 3.20pm | AI55: 5.22pm | AJ55: 5.28pm | AK55: 7.29pm | AL55: 4.41pm: 3F_R Disconnected 5.21pm: 3F_R Disconnected 5.41pm: 3F_R Disconnected | AM55: 1.13pm | AN55: 7.30pm | AO55: 6.59pm: Tekscan Disconnected | AP55: 3.15pm | AQ55: 3.20pm | AR55: 5 | AS55: 5.22pm | AT55: 5.28pm | AU55: 6 | BB55: 3.14pm: Turn to talk to Researcher 3.40pm - 3.42pm: Movements to talk to Researcher Subject had quite a bit of movement due to sitting discomfort "Seats wearn't comfortable" | BC55: =IF(AND(G55="Male", J55>25, U55>24.9), "Obese", IF(AND(G55="Female", J55>32, U55>24.9), "Obese", "Not Obese")) -> Not Obese | BE55: CCTV time is 189 seconds early; CCTV time: 17:18:39 GCR filled at 17:21:48
A56: A053 | B56: 45502 | C56: 2D | D56: 27 | E56: 30 | F56: 33 | G56: Male | H56: =IF(OR(AND(G56="Male",J56>=25),AND(G56="Female",J56>=32)),"Yes","No") -> Yes | I56: 109.6 | J56: 33 | K56: 24 | L56: 2172 | M56: 28.7 | N56: 33 | O56: 19.8 | P56: 46.1 | Q56: 24 | R56: 29.6 | S56: 22.7 | T56: 30.5 | U56: 35.4 | V56: 66 | W56: 45.6 | X56: 46.5 | Y56: =AVERAGE(W56,X56) -> 46.05 | Z56: 53.3 | AA56: 53.2 | AB56: =AVERAGE(Z56,AA56) -> 53.25 | AC56: 47 | AD56: 49.3 | AE56: =AVERAGE(AC56,AD56) -> 48.15 | AF56: 12.37pm | AG56: 2.38pm | AH56: 2.44pm | AI56: 4.45pm | AJ56: 4.50pm | AK56: 6.51pm | AL56: 2.19pm: 2D_R Disconnected 3.24pm: 2D_R Disconnected 4.04pm: 2D_R Disconnected | AM56: 12.37pm | AN56: 6.51pm | AP56: 2.39pm | AQ56: 2.44pm | AR56: 5 | AS56: 4.45pm | AT56: 4.50pm | AU56: 5 | BB56: Seat angle might have increased by 2-3 degrees (30) by the end of study | BC56: =IF(AND(G56="Male", J56>25, U56>24.9), "Obese", IF(AND(G56="Female", J56>32, U56>24.9), "Obese", "Not Obese")) -> Obese | BE56: CCTV time off; CCTV time: 01:46:16, GCR filled: 16:44:47; Difference: 14h 58m 31s; 21:40 on video -> around 12.37pm
A57: A054 | B57: 45502 | C57: 2F | D57: 20 | G57: Female | H57: =IF(OR(AND(G57="Male",J57>=25),AND(G57="Female",J57>=32)),"Yes","No") -> Yes | I57: 72.9 | J57: 39.1 | K57: 12.5 | L57: 1423 | M57: 22.3 | N57: 20.5 | O57: 15.2 | P57: 36.2 | Q57: 34.8 | R57: 50.1 | S57: 31.1 | T57: 44 | U57: 28.8 | V57: 78 | W57: 41.7 | X57: 41 | Y57: =AVERAGE(W57,X57) -> 41.35 | Z57: 44.7 | AA57: 45.1 | AB57: =AVERAGE(Z57,AA57) -> 44.9 | AC57: 42.7 | AD57: 42 | AE57: =AVERAGE(AC57,AD57) -> 42.35 | AF57: 12.54pm | AG57: 2.56pm | AH57: 3.01pm | AI57: 5.02pm | AJ57: 5.07pm | AK57: 7.08pm | AM57: 12.54pm | AN57: 7.09pm | AP57: 2.56pm | AQ57: 3.01pm | AR57: 5 | AS57: 5.02pm | AT57: 5.07pm | AU57: 5 | BB57: 1.02pm: Adjust Face Camera | BC57: =IF(AND(G57="Male", J57>25, U57>24.9), "Obese", IF(AND(G57="Female", J57>32, U57>24.9), "Obese", "Not Obese")) -> Obese | BE57: CCTV time off; CCTV time: 02:03:21, GCR filled: 17:01:55; Difference: 14h 58m 34s
A58: A055 | B58: 45502 | C58: 3D | D58: 31 | G58: Female | H58: =IF(OR(AND(G58="Male",J58>=25),AND(G58="Female",J58>=32)),"Yes","No") -> Yes | I58: 75 | J58: 35 | K58: 7 | L58: 1482 | M58: 24.7 | N58: 22.9 | O58: 18 | P58: 37.9 | Q58: 30.4 | R58: 47 | S58: 26.7 | T58: 41.8 | U58: 25.6 | V58: 55 | W58: 42.4 | X58: 41.4 | Y58: =AVERAGE(W58,X58) -> 41.9 | Z58: 52.6 | AA58: 52.1 | AB58: =AVERAGE(Z58,AA58) -> 52.35 | AC58: 47.7 | AD58: 46.5 | AE58: =AVERAGE(AC58,AD58) -> 47.1 | AF58: 12.48pm | AG58: 2.48pm | AH58: 2.53pm | AI58: 4.53pm | AJ58: 4.58pm | AK58: 6.59pm | AL58: 3.14pm: 3D_R Disconnected 4.12pm: 3D_R Disconnected 6.31pm: 3D_L Fell out of Straps | AM58: 12.48pm | AN58: 7.00pm | AO58: 1.40pm: Tekscan Disconnected Missing 12 - 14 mins (empty pressure data) in S3 due to Toilet Usage | BB58: 1.08pm: Movements to talk to Researcher 3.01pm: Turn to talk to Researcher 4.52pm: Shifting to wear shoes (before break) 5:20:50 - 5:25:00 => Went Toilet 6:24:00 - 6:31:30 => Went Toilet | BC58: =IF(AND(G58="Male", J58>25, U58>24.9), "Obese", IF(AND(G58="Female", J58>32, U58>24.9), "Obese", "Not Obese")) -> Obese | BE58: CCTV time off; CCTV time: 23:49:14, GCR filled: 14:47:45; Difference: 14h 58m 31s
A59: A056 | B59: 45502 | C59: 3F | D59: 29 | E59: 31 | F59: 33 | G59: Male | H59: =IF(OR(AND(G59="Male",J59>=25),AND(G59="Female",J59>=32)),"Yes","No") -> No | I59: 77.1 | J59: 21.7 | K59: 9.5 | L59: 1728 | M59: 32.9 | N59: 37 | O59: 26.2 | P59: 50.1 | Q59: 15.1 | R59: 19.1 | S59: 13.4 | T59: 19 | U59: 23.8 | V59: 48 | W59: 40.4 | X59: 39.5 | Y59: =AVERAGE(W59,X59) -> 39.95 | Z59: 48.3 | AA59: 48 | AB59: =AVERAGE(Z59,AA59) -> 48.15 | AC59: 49 | AD59: 48.2 | AE59: =AVERAGE(AC59,AD59) -> 48.6 | AF59: 12:44pm | AG59: 2:45pm | AH59: 2:50pm | AI59: 4:51pm | AJ59: 4:56pm | AK59: 6:56pm | AL59: 5.16pm-5.19pm: 3F_L disconnected 5.31pm-5.34pm: 3F_L disconnected | AM59: 12:44pm | AN59: 6:56pm | AP59: 2:45pm | AQ59: 2:50pm | AR59: 5 | AS59: 4:51pm | AT59: 4:56pm | AU59: 5 | BB59: 2.25pm-2.26pm: Movements (subject thought that it was his toilet break) 4.53pm: started sitting 2.51pm[23:52:20 (on CCTV)]: pushed the seat back; seat angle changed probably by 3-4 degrees | BC59: =IF(AND(G59="Male", J59>25, U59>24.9), "Obese", IF(AND(G59="Female", J59>32, U59>24.9), "Obese", "Not Obese")) -> Not Obese | BE59: CCTV time off; CCTV time: 23:46:27, GCR filled: 14:44:58; Difference: 14h 58m 31s
A60: A057 | B60: 45503 | C60: 2D | D60: 21 | G60: Female | H60: =IF(OR(AND(G60="Male",J60>=25),AND(G60="Female",J60>=32)),"Yes","No") -> Yes | I60: 65.3 | J60: 36.6 | K60: 7.5 | L60: 1322 | M60: 23 | N60: 23.1 | O60: 17 | P60: 35.9 | Q60: 30.6 | R60: 48.8 | S60: 27.4 | T60: 42.3 | U60: 24.9 | V60: 60 | W60: 42.4 | X60: 42 | Y60: =AVERAGE(W60,X60) -> 42.2 | Z60: 46 | AA60: 45 | AB60: =AVERAGE(Z60,AA60) -> 45.5 | AC60: 40.7 | AD60: 40.4 | AE60: =AVERAGE(AC60,AD60) -> 40.55 | AF60: 12:20pm | AG60: 2:21pm | AH60: 2:26pm | AI60: 4:27pm | AJ60: 4:32pm | AK60: 6:33pm | AL60: 1.00pm, 2.46pm, 4.26pm: 2D_R disconnected 2.19pm, 4.52pm: 2D_L disconnected | AM60: 12:19:50pm | AN60: 6:34pm | AP60: 2:21pm | AQ60: 2:26pm | AR60: 5 | AS60: 4:27pm | AT60: 4:32pm | AU60: 5 | BC60: =IF(AND(G60="Male", J60>25, U60>24.9), "Obese", IF(AND(G60="Female", J60>32, U60>24.9), "Obese", "Not Obese")) -> Not Obese | BE60: CCTV time off; CCTV time: 01:28:49, GCR filled: 16:27:24; Difference: 14H 58m 35s; 21:21 on video -> around 12:19pm
A61: A058 | B61: 45503 | C61: 2F | D61: 32 | E61: 32 | F61: 33 | G61: Male | H61: =IF(OR(AND(G61="Male",J61>=25),AND(G61="Female",J61>=32)),"Yes","No") -> Yes | I61: 67.9 | J61: 27.5 | K61: 10 | L61: 1537 | M61: 28.8 | N61: 35.2 | O61: 21.5 | P61: 46.3 | Q61: 18.6 | R61: 24.9 | S61: 16.5 | T61: 25.2 | U61: 23.2 | V61: 54 | W61: 39.4 | X61: 38.9 | Y61: =AVERAGE(W61,X61) -> 39.15 | Z61: 47.5 | AA61: 46.6 | AB61: =AVERAGE(Z61,AA61) -> 47.05 | AC61: 46.9 | AD61: 46.6 | AE61: =AVERAGE(AC61,AD61) -> 46.75 | AF61: 12:30pm | AG61: 2:30pm | AH61: 2:36pm | AI61: 4:38pm | AJ61: 4:43pm | AK61: 6:44pm | AL61: 1.29pm: 2F_RR disconnected | AM61: 12:29pm | AN61: 6:44pm | AP61: 2:30pm | AQ61: 2:36:32pm | AR61: 6 | AS61: 4:38pm | AT61: 4:43pm | AU61: 5 | BB61: Leans forward to see the screen (every 20mins + 18mins after the 1st break); check video 2.13pm: picks up Fitbit 2.18pm: leans forward 2:21:30pm - leans forward and touches the screen 5.17pm: leans forward (double notification; check CCTV) 2.49pm: pushes the seat back, changes the seat angle by 1-2 degrees | BC61: =IF(AND(G61="Male", J61>25, U61>24.9), "Obese", IF(AND(G61="Female", J61>32, U61>24.9), "Obese", "Not Obese")) -> Not Obese | BE61: CCTV time off; CCTV time: 23:31:10, GCR filled: 14:29:45; Difference: 14H 58m 35s
A62: A059 | B62: 45503 | C62: 3D | D62: 30 | G62: Male | H62: =IF(OR(AND(G62="Male",J62>=25),AND(G62="Female",J62>=32)),"Yes","No") -> Yes | I62: 92.5 | J62: 32.4 | K62: 14 | L62: 1910 | M62: 28.9 | N62: 34.1 | O62: 20.2 | P62: 46.3 | Q62: 22.4 | R62: 31.9 | S62: 20.4 | T62: 32.4 | U62: 27.6 | V62: 57 | W62: 46.5 | X62: 45.9 | Y62: =AVERAGE(W62,X62) -> 46.2 | Z62: 52.9 | AA62: 52 | AB62: =AVERAGE(Z62,AA62) -> 52.45 | AC62: 50 | AD62: 49.5 | AE62: =AVERAGE(AC62,AD62) -> 49.75 | AF62: 12:50pm | AG62: 2:50pm | AH62: 2:55pm | AI62: 4:55pm | AJ62: 5:00pm | AK62: 7:00pm | AL62: 1.51pm, 2.29pm, 2.49pm, 4.15pm, 4.35pm, 5.19pm: 3D_R disconnected 2.10pm, 3.15pm: Both 3D_R and 3D_L disconnected 6.00pm: 3D_L disconnected | AM62: 12:49pm | AN62: 7:01pm | AO62: 4:42:10 - restart Tekscan (S2) | AP62: 2:50pm | AQ62: 2:55pm | AR62: 5 | AS62: 4:55pm | AT62: 5:00pm | AU62: 5 | BB62: 3.34pm-3.35pm: Leaning forward to touch the screen 4.05pm: Turned left to use the phone 4:47:20pm - Movement (check CCTV) 5.57pm: turning and leaning forward to use the phone Seat angle might have increased by 2-3 degrees by the end of the study | BC62: =IF(AND(G62="Male", J62>25, U62>24.9), "Obese", IF(AND(G62="Female", J62>32, U62>24.9), "Obese", "Not Obese")) -> Obese | BE62: CCTV time off; CCTV time: 01:57:10, GCR filled: 16:55:45; Difference: 14H 58m 35s
A63: A060 | B63: 45503 | C63: 3F | D63: 28 | G63: Female | H63: =IF(OR(AND(G63="Male",J63>=25),AND(G63="Female",J63>=32)),"Yes","No") -> Yes | I63: 60.5 | J63: 33.6 | K63: 7.5 | L63: 1262 | M63: 24 | N63: 25.3 | O63: 18 | P63: 36.9 | Q63: 29.1 | R63: 44.7 | S63: 25.4 | T63: 39 | U63: 24.9 | V63: 56 | W63: 36.5 | X63: 37.2 | Y63: =AVERAGE(W63,X63) -> 36.85 | Z63: 44.6 | AA63: 44.7 | AB63: =AVERAGE(Z63,AA63) -> 44.65 | AC63: 43.4 | AD63: 43.7 | AE63: =AVERAGE(AC63,AD63) -> 43.55 | AF63: 12.55pm | AG63: 2.57pm | AH63: 3.01pm | AI63: 5.02pm | AJ63: 5.07pm | AK63: 7.08pm | AL63: 2.15pm: 3F_R Disconnected 4.54pm: 3F_R Disconnected 6.07pm: 3F_R Disconnected | AM63: 12.55pm | AN63: 7.08pm | AO63: 3.42pm - 3.43pm: Tekscan Disconnected (<5 secs lost) | AP63: 2.57pm | AQ63: 3.01pm | AR63: 4 | AS63: 5.02pm | AT63: 5.07pm | AU63: 5 | BB63: 2.44pm: Turn to use phone | BC63: =IF(AND(G63="Male", J63>25, U63>24.9), "Obese", IF(AND(G63="Female", J63>32, U63>24.9), "Obese", "Not Obese")) -> Not Obese | BE63: CCTV time off; CCTV time: 23:58:31, GCR filled: 14:57:06; Difference: 14H 58m 35s
A64: A061 | B64: 45506 | C64: 2D | D64: 23 | E64: 24 | F64: 24 | G64: Male | H64: =IF(OR(AND(G64="Male",J64>=25),AND(G64="Female",J64>=32)),"Yes","No") -> No | I64: 68.8 | J64: 16.1 | K64: 8 | L64: 1619 | M64: 35 | N64: 38.8 | O64: 29.4 | P64: 52.2 | Q64: 11.6 | R64: 14.7 | S64: 10.3 | T64: 14.1 | U64: 23.3 | V64: 40 | W64: 38.5 | X64: 37.9 | Y64: =AVERAGE(W64,X64) -> 38.2 | Z64: 47 | AA64: 47.7 | AB64: =AVERAGE(Z64,AA64) -> 47.35 | AC64: 47.2 | AD64: 47 | AE64: =AVERAGE(AC64,AD64) -> 47.1 | AF64: 12:52pm | AG64: 2:53pm | AH64: 3:00pm | AI64: 5:01pm | AJ64: 5:06pm | AK64: 7:07pm | AL64: 1.12, 1.52, 3.40, 4.00, 5.00, 6.37, 6.51, 7.05pm: Both motion sensors disconnected 2.18, 3.21pm: 2D_L disconnected 5.26, 5.46pm: 2D_R disconnected (about 1500 pts lost) | AM64: 12:51:50pm | AN64: 7:07pm | AP64: 2:53pm | AQ64: 3:00pm | AR64: 7 | AS64: 5:01pm | AT64: 5:06pm | AU64: 5 | BC64: =IF(AND(G64="Male", J64>25, U64>24.9), "Obese", IF(AND(G64="Female", J64>32, U64>24.9), "Obese", "Not Obese")) -> Not Obese | BE64: CCTV time off; CCTV time: 02:19:22, GCR filled: 14:53:14; Difference: 12H 33m 52s
A65: A062 | B65: 45506 | C65: 2F | D65: 26 | E65: 28 | F65: 31 | G65: Female | H65: =IF(OR(AND(G65="Male",J65>=25),AND(G65="Female",J65>=32)),"Yes","No") -> Yes | I65: 63.3 | J65: 32.9 | K65: 5 | L65: 1311 | M65: 24.8 | N65: 25.7 | O65: 18.8 | P65: 37.7 | Q65: 27.2 | R65: 44.2 | S65: 23.9 | T65: 37.6 | U65: 22.7 | V65: 54 | W65: 41.3 | X65: 41.8 | Y65: =AVERAGE(W65,X65) -> 41.55 | Z65: 50 | AA65: 50 | AB65: =AVERAGE(Z65,AA65) -> 50 | AC65: 45.2 | AD65: 45.5 | AE65: =AVERAGE(AC65,AD65) -> 45.35 | AF65: 12:15pm | AG65: 2:18pm | AH65: 2:22pm | AI65: 4:23pm | AJ65: 4:28pm | AK65: 6:29pm | AL65: 3.22pm, 4.48pm: 2F_R disconnected | AM65: 12:15pm | AN65: 6:29pm | AP65: 2:17pm | AQ65: 2:22pm | AR65: 5 | AS65: 4:23pm | AT65: 4:28pm | AU65: 5 | BB65: 3.20pm: movements to take something from bag 4.17pm: turned left to clear rubbish & 6.15pm [05:39:30 on CCTV] pushes the seat back seat angle increased by 3-4 degrees by the end of the study finds it comfortable, no discomfort felt at all | BC65: =IF(AND(G65="Male", J65>25, U65>24.9), "Obese", IF(AND(G65="Female", J65>32, U65>24.9), "Obese", "Not Obese")) -> Not Obese | BE65: CCTV time off; CCTV time: 03:48:46, GCR filled: 16:22:38; Difference: 12H 33m 52s
A66: A063 | B66: 45506 | C66: 3D | D66: 28 | G66: Female | H66: =IF(OR(AND(G66="Male",J66>=25),AND(G66="Female",J66>=32)),"Yes","No") -> No | I66: 46 | J66: 30 | K66: 3.5 | L66: 1050 | M66: 24.1 | N66: 28.6 | O66: 19.3 | P66: 35.7 | Q66: 24.1 | R66: 41.1 | S66: 20.9 | T66: 34.3 | U66: 20.4 | V66: 40 | W66: 37.9 | X66: 37.4 | Y66: =AVERAGE(W66,X66) -> 37.65 | Z66: 44.8 | AA66: 45.8 | AB66: =AVERAGE(Z66,AA66) -> 45.3 | AC66: 39.2 | AD66: 38.5 | AE66: =AVERAGE(AC66,AD66) -> 38.85 | AF66: 12:27pm | AG66: 2:29pm | AH66: 2:34pm | AI66: 4:35pm | AJ66: 4:40pm | AK66: 6:41pm | AL66: 1.09pm, 2.29pm, 5.40pm: Both motion sensors disconnected 3.33pm: 3D_L disconnected 4.33pm, 6.40pm: 3D_R disconnected | AM66: 12:28pm | AN66: 6:41pm | AP66: 2:29pm | AQ66: 2:34pm | AR66: 5 | AS66: 4:35pm | AT66: 4:40pm | AU66: 5 | BB66: 1.32pm-1.33pm, 2.44pm: movements to use phone | BC66: =IF(AND(G66="Male", J66>25, U66>24.9), "Obese", IF(AND(G66="Female", J66>32, U66>24.9), "Obese", "Not Obese")) -> Not Obese | BE66: CCTV time off; CCTV time: 01:55:26, GCR filled: 14:29:18; Difference: 12H 33m 52s
A67: A064 | B67: 45506 | C67: 3F | D67: 28 | G67: Male | H67: =IF(OR(AND(G67="Male",J67>=25),AND(G67="Female",J67>=32)),"Yes","No") -> No | I67: 67.6 | J67: 24.3 | K67: 10.5 | L67: 1549 | M67: 30.2 | N67: 36.1 | O67: 23.5 | P67: 47.6 | Q67: 16.8 | R67: 22.3 | S67: 15 | T67: 22.3 | U67: 24.2 | V67: 50 | W67: 38.6 | X67: 37.5 | Y67: =AVERAGE(W67,X67) -> 38.05 | Z67: 46.6 | AA67: 45.7 | AB67: =AVERAGE(Z67,AA67) -> 46.15 | AC67: 44.2 | AD67: 43.8 | AE67: =AVERAGE(AC67,AD67) -> 44 | AF67: 12:29pm | AG67: 2:30pm | AH67: 2:35pm | AI67: 4:36pm | AJ67: 4:41pm | AK67: 6:42pm | AL67: 1.29pm, 2.30pm: 3F_R disconnected 3.54pm, 4.15pm: motion sensors disconnected 5.21pm: 3F_L disconnected | AM67: 12:28pm | AN67: 6:42pm | AP67: 2:30pm | AQ67: 2:35pm | AR67: 5 | AS67: 4:36pm | AT67: 4:41pm | AU67: 5 | BB67: 2.36pm (02.01.30): pushes the seat back, angle increases by a little | BC67: =IF(AND(G67="Male", J67>25, U67>24.9), "Obese", IF(AND(G67="Female", J67>32, U67>24.9), "Obese", "Not Obese")) -> Not Obese | BE67: CCTV time off; CCTV time: 04:02:11, GCR filled - 16:36:02; Difference: 12H 33m 51s
A68: A065 | B68: 45507 | C68: 2D | D68: 24 | G68: Female | H68: =IF(OR(AND(G68="Male",J68>=25),AND(G68="Female",J68>=32)),"Yes","No") -> Yes | I68: 82.7 | J68: 38.6 | K68: 12.5 | L68: 1576 | M68: 23.2 | N68: 19.5 | O68: 15.9 | P68: 37 | Q68: 35.4 | R68: 51 | S68: 31.3 | T68: 47 | U68: 30 | V68: 66 | W68: 41.4 | X68: 41.9 | Y68: =AVERAGE(W68,X68) -> 41.65 | Z68: 47.7 | AA68: 48.1 | AB68: =AVERAGE(Z68,AA68) -> 47.9 | AC68: 45.1 | AD68: 48.9 | AE68: =AVERAGE(AC68,AD68) -> 47 | AF68: 12.52pm | AG68: 2.55pm | AH68: 3.00pm | AI68: 5.00pm | AJ68: 5.09pm | AK68: 7.09pm | AL68: 1.14pm: Both Disconnected 2.34pm: Both Disconnected 3.20pm: Both Disconnected 4.00pm: 2D_R Disconnected 4.20pm: Both Disconnected 4.40pm: Both Disconnected 5.29pm: Both Disconnected 6.29pm: 2D_R Disconnected | AM68: 12.54pm | AN68: 7.09pm | AP68: 2.55pm | AQ68: 3.00pm | AR68: 5 | AS68: 5.01pm | AT68: 5.09pm | AU68: 8 | BC68: =IF(AND(G68="Male", J68>25, U68>24.9), "Obese", IF(AND(G68="Female", J68>32, U68>24.9), "Obese", "Not Obese")) -> Obese | BE68: CCTV time is 1-2 seconds early; CCTV time: 17:01:49 GCR filled at 17:01:48
A69: A066 | B69: 45507 | C69: 2F | D69: 19 | G69: Female | H69: =IF(OR(AND(G69="Male",J69>=25),AND(G69="Female",J69>=32)),"Yes","No") -> No | I69: 65.5 | J69: 30 | K69: 6 | L69: 1364 | M69: 27 | N69: 27.7 | O69: 20.2 | P69: 40.7 | Q69: 27.2 | R69: 39.9 | S69: 22.9 | T69: 34.9 | U69: 24.7 | V69: 51 | W69: 38.1 | X69: 37.2 | Y69: =AVERAGE(W69,X69) -> 37.65 | Z69: 47 | AA69: 47.7 | AB69: =AVERAGE(Z69,AA69) -> 47.35 | AC69: 45.5 | AD69: 45 | AE69: =AVERAGE(AC69,AD69) -> 45.25 | AF69: 12.48pm | AG69: 2.48pm | AH69: 2.53pm | AI69: 4.55pm | AJ69: 5.00pm | AK69: 7.00pm | AL69: 2.08pm: Both Disconnected 5.20pm: Both Disconnected 5.22pm: 2F_L Disconnected | AM69: 12.47pm | AN69: 7.01pm | AP69: 2.48pm | AQ69: 2.53pm | AR69: 5 | AS69: 4.55pm | AT69: 5.00pm | AU69: 5 | BB69: 1.06pm: Movements to take phone & cup of water | BC69: =IF(AND(G69="Male", J69>25, U69>24.9), "Obese", IF(AND(G69="Female", J69>32, U69>24.9), "Obese", "Not Obese")) -> Not Obese | BE69: CCTV time is 1-2 seconds early; CCTV time: 14:48:42 GCR filled at 14:48:41
A70: A067 | B70: 45507 | C70: 3D | D70: 21 | G70: Female | H70: =IF(OR(AND(G70="Male",J70>=25),AND(G70="Female",J70>=32)),"Yes","No") -> Yes | I70: 65.5 | J70: 36.6 | K70: 10 | L70: 1324 | M70: 22.8 | N70: 22.8 | O70: 16.3 | P70: 36.2 | Q70: 32.1 | R70: 47.7 | S70: 28.5 | T70: 41.7 | U70: 26.9 | V70: 67 | W70: 41.3 | X70: 42 | Y70: =AVERAGE(W70,X70) -> 41.65 | Z70: 44.2 | AA70: 44 | AB70: =AVERAGE(Z70,AA70) -> 44.1 | AC70: 41.5 | AD70: 40.3 | AE70: =AVERAGE(AC70,AD70) -> 40.9 | AF70: 12.44pm | AG70: 2.46pm | AH70: 2.51pm | AI70: 4.52pm | AJ70: 4.57pm | AK70: 6.58pm | AL70: 2.05pm: 3D_L Disconnected 4.12PM: Both Disconnected 4.33pm: 3D_R Disconnected 6.37pm: 3D_R Disconnected 3D_L fell out some time during the study | AM70: 12.44pm | AN70: 6.58pm | AO70: 12.56pm: Tekscan Disconnected for a few seconds | AP70: 2.46pm | AQ70: 2.51pm | AR70: 5 | AS70: 4.52pm | AT70: 4.57pm | AU70: 5 | BC70: =IF(AND(G70="Male", J70>25, U70>24.9), "Obese", IF(AND(G70="Female", J70>32, U70>24.9), "Obese", "Not Obese")) -> Obese | BE70: CCTV time is 1-2 seconds early; CCTV time: 14:45:50 GCR filled at 14:45:48
A71: A068 | B71: 45507 | C71: 3F | D71: 21 | E71: 22 | F71: 26 | G71: Male | H71: =IF(OR(AND(G71="Male",J71>=25),AND(G71="Female",J71>=32)),"Yes","No") -> Yes | I71: 76.7 | J71: 26 | K71: 12.5 | L71: 1691 | M71: 30.4 | N71: 35.8 | O71: 23.1 | P71: 47.7 | Q71: 18.1 | R71: 23.8 | S71: 16.4 | T71: 23.9 | U71: 26.2 | V71: 53 | W71: 39.4 | X71: 39.4 | Y71: =AVERAGE(W71,X71) -> 39.4 | Z71: 50.5 | AA71: 49.3 | AB71: =AVERAGE(Z71,AA71) -> 49.9 | AC71: 47.9 | AD71: 48 | AE71: =AVERAGE(AC71,AD71) -> 47.95 | AF71: 12.40pm | AG71: 2.41pm | AH71: 2.47pm | AI71: 4.48pm | AJ71: 4.53pm | AK71: 6.55pm | AL71: 1.00pm: Both Disconnected 1.41pm: 3F_R Disconnected 3.28pm: 3F_R Disconnected 4.07pm: 3F_R Disconnected 5.13pm: 3F_L Disconnected | AM71: 12.41pm | AN71: 6.55pm | AO71: 6:01:50 - 6:02:00 -> Adjust Pressure Mat (Back) Frame 19050~ | AP71: 2.42pm | AQ71: 2.47pm | AR71: 5 | AS71: 4.48pm | AT71: 4.53pm | AU71: 5 | BB71: 16.37.30 & last 1hour: Pushed seat back, seat angle increased by 4-5 degrees | BC71: =IF(AND(G71="Male", J71>25, U71>24.9), "Obese", IF(AND(G71="Female", J71>32, U71>24.9), "Obese", "Not Obese")) -> Obese | BE71: CCTV time is 1-2 seconds early; CCTV time: 14:41:56 GCR filled at 14:41:55
A72: A069 | B72: 45509 | C72: 2D | D72: 15 | E72: 23 | F72: 36 | G72: Male | H72: Yes | I72: 140 | U72: =I72/1.75^2 -> 45.714286 | W72: 52.6 | X72: 50.9 | Y72: =AVERAGE(W72,X72) -> 51.75 | Z72: 49.8 | AA72: 50.5 | AB72: =AVERAGE(Z72,AA72) -> 50.15 | AC72: 46 | AD72: 45.5 | AE72: =AVERAGE(AC72,AD72) -> 45.75 | AF72: 12.35pm | AG72: 2.37pm | AH72: 2.41pm | AI72: 4.41pm | AJ72: 4.47pm | AK72: 6.58pm | AL72: 12.50pm: 2D_R Disconnected 1.30pm: Both Disconnected 2.00pm: 2D_R Disconnected 2.17pm: 2D_R Disconnected 2.30pm: 2D_R Disconnected 3.02pm: 2D_R Disconnected 3.21pm: Both Disconnected 3.33pm: 2D_R Disconnected 3.43pm: 2D_R Disconnected 4.06pm: 2D_R Disconnected 5.04pm: Both Disconnected 5.17pm: 2D_R Disconnected 5.28pm: Both Disconnected 6.07pm: 2D_R Disconnected | AM72: 12.35pm | AN72: 6.48pm | AP72: 2.36pm | AQ72: 2.41pm | AR72: 5 | AS72: 4.42pm | AT72: 4.47pm | AU72: 5 | BB72: Unable to Fetch Omron Data due to overweight (>140kg) Seat Angle changed from 15 to 36 during study | BC72: =IF(AND(G72="Male", J72>25, U72>24.9), "Obese", IF(AND(G72="Female", J72>32, U72>24.9), "Obese", "Not Obese")) -> Not Obese | BE72: CCTV time is 4 seconds early; CCTV time: 14:36:28 GCR filled at 14:36:32
A73: A070 | B73: 45509 | C73: 2F | D73: 20 | G73: Male | H73: =IF(OR(AND(G73="Male",J73>=25),AND(G73="Female",J73>=32)),"Yes","No") -> Yes | I73: 77.5 | J73: 27.8 | K73: 16.5 | L73: 1688 | M73: 28.7 | N73: 34.3 | O73: 21.4 | P73: 46.1 | Q73: 19.5 | R73: 24.4 | S73: 17.8 | T73: 24.8 | U73: 27.8 | V73: 62 | W73: 43.3 | X73: 43.2 | Y73: =AVERAGE(W73,X73) -> 43.25 | Z73: 46.4 | AA73: 46.4 | AB73: =AVERAGE(Z73,AA73) -> 46.4 | AC73: 45.3 | AD73: 46.2 | AE73: =AVERAGE(AC73,AD73) -> 45.75 | AF73: 1.00pm | AG73: 3.03pm | AH73: 3.09pm | AI73: 5.10pm | AJ73: 5.15pm | AK73: 7.16pm | AL73: 3.29pm: 2F_L Disconnected 4.29pm: 2F_L Disconnected 5.36pm: Both Disconnected | AM73: 1.00pm | AN73: 7.16pm | AP73: 3.03pm | AQ73: 3.09pm | AR73: 6 | AS73: 5.10pm | AT73: 5.15pm | AU73: 5 | BB73: 1.04pm - 1.05pm: Adjust in his seat, turn to researcher 1.31pm: Lean Forward to touch toe 1.42pm: Tried using touch screen 2:23:30 - 2:24:00 => Lean forward to read Rating Descriptor 15th GCR Rating not Submitted 20th GCR Rating Submitted late (Subject entered data but didn't submit) | BC73: =IF(AND(G73="Male", J73>25, U73>24.9), "Obese", IF(AND(G73="Female", J73>32, U73>24.9), "Obese", "Not Obese")) -> Obese | BE73: CCTV time is 4 seconds early; CCTV time: 15:03:15 GCR filled at 15:03:19
A74: A071 | B74: 45509 | C74: 3D | D74: 14 | G74: Male | H74: =IF(OR(AND(G74="Male",J74>=25),AND(G74="Female",J74>=32)),"Yes","No") -> Yes | I74: 69.6 | J74: 27 | K74: 17.5 | L74: 1557 | M74: 27.5 | N74: 33.9 | O74: 20.6 | P74: 44.9 | Q74: 19.1 | R74: 23.4 | S74: 17.5 | T74: 23.8 | U74: 27.9 | V74: 64 | W74: 40 | X74: 40.6 | Y74: =AVERAGE(W74,X74) -> 40.3 | Z74: 45.7 | AA74: 43.8 | AB74: =AVERAGE(Z74,AA74) -> 44.75 | AC74: 41.5 | AD74: 42.2 | AE74: =AVERAGE(AC74,AD74) -> 41.85 | AF74: 12.38pm | AG74: 2.39pm | AH74: 2.44pm | AI74: 4.45pm | AJ74: 4.50pm | AK74: 6.50pm | AL74: 12.50pm: 3D_R Disconnected 2.28pm: Both Disconnected 3.14pm: 3D_R Disconnected 5.17pm: 3D_R Disconnected | AM74: 12.37pm | AN74: 6.50pm | AP74: 2.39pm | AQ74: 2.44pm | AR74: 5 | AS74: 4.45pm | AT74: 4.50pm | AU74: 5 | BC74: =IF(AND(G74="Male", J74>25, U74>24.9), "Obese", IF(AND(G74="Female", J74>32, U74>24.9), "Obese", "Not Obese")) -> Obese | BE74: CCTV time is 4 seconds early. Major movement at CCTV time , Tekscan
A75: A072 | B75: 45509 | C75: 3F | D75: 24 | G75: Female | H75: =IF(OR(AND(G75="Male",J75>=25),AND(G75="Female",J75>=32)),"Yes","No") -> No | I75: 58.8 | J75: 29.9 | K75: 5 | L75: 1255 | M75: 25.9 | N75: 27.9 | O75: 19.9 | P75: 39.2 | Q75: 25.9 | R75: 40.2 | S75: 22 | T75: 34.6 | U75: 23 | V75: 50 | W75: 40.4 | X75: 41.8 | Y75: =AVERAGE(W75,X75) -> 41.1 | Z75: 44.3 | AA75: 45 | AB75: =AVERAGE(Z75,AA75) -> 44.65 | AC75: 44.3 | AD75: 44.3 | AE75: =AVERAGE(AC75,AD75) -> 44.3 | AF75: 12.55pm | AG75: 2.56pm | AH75: 3.01pm | AI75: 5.02pm | AJ75: 5.07pm | AK75: 7.07pm | AL75: 2.02pm: 3F_R Disconnected 2.15pm: Both Disconnected 2.35pm: 3F_R Disconnected 2.41pm: 3F_R Disconnected 3.20pm: Both Disconnected 3.32pm: Both Disconnected 4.01pm: 3F_R Disconnected 5.01pm: Both Disconnected 5.28pm: 3F_R Disconnected 6.03pm: Both Disconnected 6.07pm: 3F_R Disconnected 6.46pm: 3F_R Disconnected | AM75: 12.54pm | AN75: 7.07pm | AP75: 2.56pm | AQ75: 3.01pm | AR75: 5 | AS75: 5.02pm | AT75: 5.07pm | AU75: 5 | BC75: =IF(AND(G75="Male", J75>25, U75>24.9), "Obese", IF(AND(G75="Female", J75>32, U75>24.9), "Obese", "Not Obese")) -> Not Obese | BE75: CCTV time is 4 seconds early; CCTV time: 14:55:21 GCR filled at 14:55:25
A76: A073 | B76: 45510 | C76: 3F | D76: 27 | E76: 30 | F76: 30 | G76: Male | H76: =IF(OR(AND(G76="Male",J76>=25),AND(G76="Female",J76>=32)),"Yes","No") -> Yes | I76: 79.8 | J76: 32.1 | K76: 18.5 | L76: 1697 | M76: 26.7 | N76: 33.1 | O76: 18.6 | P76: 44.2 | Q76: 22.4 | R76: 29.6 | S76: 20.6 | T76: 30.3 | U76: 29 | V76: 65 | W76: 40.5 | X76: 40.4 | Y76: =AVERAGE(W76,X76) -> 40.45 | Z76: 48.6 | AA76: 48.4 | AB76: =AVERAGE(Z76,AA76) -> 48.5 | AC76: 40.5 | AD76: 42.2 | AE76: =AVERAGE(AC76,AD76) -> 41.35 | AF76: 12.42pm | AG76: 2.43pm | AH76: 2.48pm | AI76: 4.49pm | AJ76: 4.56pm | AK76: 6.56pm | AL76: 3.47pm: 3F_R Fell out of Velcro Strap 4.03pm: 3F_L Disconnected 4.49pm: 3F_R Fell out of Velcro Strap 5.29pm: 3F_R Disconnected 6.18pm: 3F_R Disconnected 6.29pm: Both Disconnected 6.37pm: Both Disconnected | AM76: 12.42pm | AN76: 6.56pm | AO76: 1.43pm: Adjust Pressure Mat (Back) Frame 3600 3.47pm: Adjust Pressure Mat (Back) Frame 11000~ 6.06pm: Adjsut Pressure Mat (Back) Frame 19200~ | AP76: 2.43pm | AQ76: 2.48pm | AR76: 5 | AS76: 4.49pm | AT76: 4.56pm | AU76: 7 | BC76: =IF(AND(G76="Male", J76>25, U76>24.9), "Obese", IF(AND(G76="Female", J76>32, U76>24.9), "Obese", "Not Obese")) -> Obese | BE76: CCTV time is in-line with GCR
A77: A074 | B77: 45510 | C77: 2F | D77: 23 | G77: Female | H77: =IF(OR(AND(G77="Male",J77>=25),AND(G77="Female",J77>=32)),"Yes","No") -> Yes | I77: 65.6 | J77: 39.8 | K77: 8.5 | L77: 1308 | M77: 21.3 | N77: 21 | O77: 15.3 | P77: 33.6 | Q77: 32.1 | R77: 52.3 | S77: 29.6 | T77: 44.3 | U77: 24.7 | V77: 72 | W77: 39.6 | X77: 39.3 | Y77: =AVERAGE(W77,X77) -> 39.45 | Z77: 48.9 | AA77: 48.9 | AB77: =AVERAGE(Z77,AA77) -> 48.9 | AC77: 45.4 | AD77: 46 | AE77: =AVERAGE(AC77,AD77) -> 45.7 | AF77: 12.57pm | AG77: 2.57pm | AH77: 3.03pm | AI77: 5.04pm | AJ77: 5.09pm | AK77: 7.10pm | AM77: 12.55pm | AN77: 7.11pm | AP77: 2.57pm | AQ77: 3.03pm | AR77: 6 | AS77: 5.04pm | AT77: 5.09pm | AU77: 5 | BC77: =IF(AND(G77="Male", J77>25, U77>24.9), "Obese", IF(AND(G77="Female", J77>32, U77>24.9), "Obese", "Not Obese")) -> Not Obese | BE77: CCTV time is in-line with GCR
A78: A0WL | B78: 45510 | C78: 3D | D78: 31-32 | G78: Female | H78: =IF(OR(AND(G78="Male",J78>=25),AND(G78="Female",J78>=32)),"Yes","No") -> No | I78: 47.4 | J78: 25 | K78: 2.5 | L78: 1091 | M78: 26.7 | N78: 31.3 | O78: 21.3 | P78: 39 | Q78: 20.7 | R78: 34.8 | S78: 16.8 | T78: 28.6 | U78: 19.1 | V78: 41 | W78: 39 | X78: 38.9 | Y78: =AVERAGE(W78,X78) -> 38.95 | Z78: 42.8 | AA78: 42.6 | AB78: =AVERAGE(Z78,AA78) -> 42.7 | AC78: 41.6 | AD78: 41.6 | AE78: =AVERAGE(AC78,AD78) -> 41.6 | AF78: 1.34pm | AG78: 3.36pm | AH78: 3.43pm | AI78: 5.44pm | AL78: 2.16pm: Both Disconnected 3.14pm: Both Disconnected 5.03pm: 3D_L Disconnected 5.24pm: Both Disconnected | AM78: 1.34pm | AN78: 5.48pm | AP78: 3.36pm | AQ78: 3.42pm | AR78: 6 | BB78: Study stopped after S2 at 5.44pm | BC78: =IF(AND(G78="Male", J78>25, U78>24.9), "Obese", IF(AND(G78="Female", J78>32, U78>24.9), "Obese", "Not Obese")) -> Not Obese
A79: A075 | B79: 45516 | C79: 2D | D79: 23 | G79: Female | H79: =IF(OR(AND(G79="Male",J79>=25),AND(G79="Female",J79>=32)),"Yes","No") -> Yes | I79: 48.4 | J79: 33.5 | K79: 3 | L79: 1079 | M79: 23.9 | N79: 27.8 | O79: 19.3 | P79: 33.1 | Q79: 25.1 | R79: 45.6 | S79: 22.7 | T79: 37.2 | U79: 19.4 | V79: 38 | W79: 37.5 | X79: 37.5 | Y79: =AVERAGE(W79,X79) -> 37.5 | Z79: 43.7 | AA79: 44.2 | AB79: =AVERAGE(Z79,AA79) -> 43.95 | AC79: 41.8 | AD79: 42.2 | AE79: =AVERAGE(AC79,AD79) -> 42 | AF79: 12.38pm | AG79: 2.38pm | AH79: 2.44pm | AI79: 4.45pm | AJ79: 4.50pm | AK79: 6.50pm | AL79: 3.24pm: 2D_R Disconnected 5.30pm: 2D_L Disconnected 6.10pm: 2D_R Disconnected 6.30pm: 2D_R Disconnected | AM79: 12.37pm | AN79: 6.51pm | AP79: 2.39pm | AQ79: 2.44pm | AR79: 5 | AS79: 4.45pm | AT79: 4.50pm | AU79: 5 | BB79: 6.27pm: Lean Forward & Turning to use phone | BC79: =IF(AND(G79="Male", J79>25, U79>24.9), "Obese", IF(AND(G79="Female", J79>32, U79>24.9), "Obese", "Not Obese")) -> Not Obese | BE79: CCTV time is 20 seconds early; CCTV time: 14:38:55 GCR filled at 14:39:15
A80: A076 | B80: 45516 | C80: 2F | D80: 22 | E80: 30 | F80: 32 (didn’t move from end of second break till the end) | G80: Male | H80: =IF(OR(AND(G80="Male",J80>=25),AND(G80="Female",J80>=32)),"Yes","No") -> No | I80: 66.9 | J80: 22 | K80: 9.5 | L80: 1549 | M80: 31.1 | N80: 37 | O80: 24.8 | P80: 48.5 | Q80: 15.2 | R80: 19.8 | S80: 13.5 | T80: 19.6 | U80: 23.4 | V80: 48 | W80: 38.1 | X80: 38.5 | Y80: =AVERAGE(W80,X80) -> 38.3 | Z80: 46 | AA80: 46.4 | AB80: =AVERAGE(Z80,AA80) -> 46.2 | AC80: 48 | AD80: 46.2 | AE80: =AVERAGE(AC80,AD80) -> 47.1 | AF80: 12.51pm | AG80: 2.52pm | AH80: 2.57pm | AI80: 4.58pm | AJ80: 5.04pm | AK80: 7.05pm | AM80: 12.51pm | AN80: 7.05pm | AP80: 2.52pm | AQ80: 2.57pm | AR80: 5 | AS80: 4.58pm | AT80: 5.04pm | AU80: 6 | BB80: 2:02pm 2:26pm & : Pushed seat back 4.57pm: Seat Angle changed from 22 to 32 Pressure mat folded (can remove the last row for more accurate results) | BC80: =IF(AND(G80="Male", J80>25, U80>24.9), "Obese", IF(AND(G80="Female", J80>32, U80>24.9), "Obese", "Not Obese")) -> Not Obese | BE80: CCTV time is 20 seconds early; CCTV time: 14:52:05 GCR filled at 14:52:25
A81: A077 | B81: 45516 | C81: 3D | D81: 20 | G81: Female | H81: =IF(OR(AND(G81="Male",J81>=25),AND(G81="Female",J81>=32)),"Yes","No") -> Yes | I81: 57.5 | J81: 36.7 | K81: 7.5 | L81: 1200 | M81: 22 | N81: 23.5 | O81: 16.2 | P81: 34.1 | Q81: 30 | R81: 48.1 | S81: 27.1 | T81: 40.2 | U81: 23.9 | V81: 65 | W81: 36.8 | X81: 36.7 | Y81: =AVERAGE(W81,X81) -> 36.75 | Z81: 44 | AA81: 44.2 | AB81: =AVERAGE(Z81,AA81) -> 44.1 | AC81: 41.1 | AD81: 41.2 | AE81: =AVERAGE(AC81,AD81) -> 41.15 | AF81: 12.22pm | AG81: 2.23pm | AH81: 2.28pm | AI81: 4.29pm | AJ81: 4.34pm | AK81: 6.36pm | AL81: 6.30pm: Both Disconnected due to phone notification "Battery Low" | AM81: 12.22pm | AN81: 6.36pm | AP81: 2.23pm | AQ81: 2.28pm | AR81: 5 | AS81: 4.29pm | AT81: 4.34pm | AU81: 5 | BB81: 2.03pm: Participant Fell Asleep 4.55pm: Movements to ask for help 6.13pm: Participant Fell Asleep | BC81: =IF(AND(G81="Male", J81>25, U81>24.9), "Obese", IF(AND(G81="Female", J81>32, U81>24.9), "Obese", "Not Obese")) -> Not Obese | BE81: CCTV time is 20 seconds early; CCTV time: 16:29:10 GCR filled at 16:29:30
A82: A078 | B82: 45516 | C82: 3F | D82: 15 | G82: Female | H82: =IF(OR(AND(G82="Male",J82>=25),AND(G82="Female",J82>=32)),"Yes","No") -> Yes | I82: 64.6 | J82: 33.5 | K82: 5.5 | L82: 1328 | M82: 24.6 | N82: 25.1 | O82: 18.3 | P82: 37.4 | Q82: 27.9 | R82: 44.6 | S82: 24.6 | T82: 37.8 | U82: 23.2 | V82: 58 | W82: 40 | X82: 40 | Y82: =AVERAGE(W82,X82) -> 40 | Z82: 47.7 | AA82: 47.9 | AB82: =AVERAGE(Z82,AA82) -> 47.8 | AC82: 46.4 | AD82: 46.3 | AE82: =AVERAGE(AC82,AD82) -> 46.35 | AF82: 12.34pm | AG82: 2.35pm | AH82: 2.40pm | AI82: 4.41pm | AJ82: 4.46pm | AK82: 6.46pm | AL82: 4.21pm: 3F_R Disconnected 4.37pm: 3F_R Disconnected | AM82: 12.34pm | AN82: 6.46pm | AO82: Around 5.36pm (?): Tekscan Disconnected. Restarted at 5.39pm | AP82: 2.35pm | AQ82: 2.40pm | AR82: 5 | AS82: 4.41pm | AT82: 4.46pm | AU82: 5 | BB82: Subject feels that seat warmth is causing discomfort 6.41pm - 6.42pm: Use Touch Screen | BC82: =IF(AND(G82="Male", J82>25, U82>24.9), "Obese", IF(AND(G82="Female", J82>32, U82>24.9), "Obese", "Not Obese")) -> Not Obese | BE82: CCTV Time is 20 seconds early; GCR Time - 14:35:30; CCTV - 14:35:10
A83: A079 | B83: 45517 | C83: 2D | D83: 31 | G83: Male | H83: =IF(OR(AND(G83="Male",J83>=25),AND(G83="Female",J83>=32)),"Yes","No") -> No | I83: 68.9 | J83: 23.7 | K83: 9.5 | L83: 1574 | M83: 30.6 | N83: 36.1 | O83: 23.9 | P83: 48 | Q83: 16.3 | R83: 21.2 | S83: 14.4 | T83: 21.3 | U83: 23 | V83: 51 | W83: 37 | X83: 37.7 | Y83: =AVERAGE(W83,X83) -> 37.35 | Z83: 45.2 | AA83: 45.3 | AB83: =AVERAGE(Z83,AA83) -> 45.25 | AC83: 47.4 | AD83: 48.2 | AE83: =AVERAGE(AC83,AD83) -> 47.8 | AF83: 12.39pm | AG83: 2.40pm | AH83: 2.45pm | AI83: 4.46pm | AJ83: 4.52pm | AL83: 3.08pm: 2D_R having trouble reconnecting | AM83: 12.39pm | AP83: 2.40pm | AQ83: 2.45pm | AR83: 5 | AS83: 4.47pm | AT83: 4.52pm | AU83: 5 | BB83: 2:55:55pm - Open the Door (?) | BC83: =IF(AND(G83="Male", J83>25, U83>24.9), "Obese", IF(AND(G83="Female", J83>32, U83>24.9), "Obese", "Not Obese")) -> Not Obese | BE83: CCTV time is 1-2 seconds early; CCTV time: 16:46:36 GCR filled at 16:46:38
A84: A080 | B84: 45517 | C84: 2F | D84: 25 | E84: 28 | F84: 29 | G84: Male | H84: =IF(OR(AND(G84="Male",J84>=25),AND(G84="Female",J84>=32)),"Yes","No") -> Yes | I84: 67.3 | J84: 25.4 | K84: 9.5 | L84: 1534 | M84: 29 | N84: 35.4 | O84: 22.2 | P84: 46.4 | Q84: 17.2 | R84: 21.8 | S84: 15.2 | T84: 22.1 | U84: 22.7 | V84: 57 | W84: 38.2 | X84: 38.3 | Y84: =AVERAGE(W84,X84) -> 38.25 | Z84: 47.4 | AA84: 49 | AB84: =AVERAGE(Z84,AA84) -> 48.2 | AC84: 48.1 | AD84: 48.7 | AE84: =AVERAGE(AC84,AD84) -> 48.4 | AF84: 12.27pm | AG84: 2.27pm | AH84: 2.32pm | AI84: 4.34pm | AJ84: 4.39pm | AM84: 12.27pm | AP84: 2.27pm | AQ84: 2.32pm | AR84: 5 | AS84: 4.34pm | AT84: 4.39pm | AU84: 5 | BB84: 1:49:40 & 4:59:30 - pushed the seat back, 1/2deg reclined 5:39:30 - Large Shift to take water 6:20:45 - 6:22:45 => Toilet | BC84: =IF(AND(G84="Male", J84>25, U84>24.9), "Obese", IF(AND(G84="Female", J84>32, U84>24.9), "Obese", "Not Obese")) -> Not Obese | BE84: CCTV time is 1-2 seconds early; CCTV time: 14:27:12 GCR filled at 14:27:14
A85: A081 | B85: 45517 | C85: 3D | D85: 20 | G85: Female | H85: =IF(OR(AND(G85="Male",J85>=25),AND(G85="Female",J85>=32)),"Yes","No") -> No | I85: 44.5 | J85: 30.3 | K85: 2.5 | L85: 1025 | M85: 23.8 | N85: 28.5 | O85: 18.7 | P85: 34.4 | Q85: 22.5 | R85: 40.3 | S85: 19.9 | T85: 30.9 | U85: 18.1 | V85: 48 | W85: 35.6 | X85: 37.6 | Y85: =AVERAGE(W85,X85) -> 36.6 | Z85: 45 | AA85: 45 | AB85: =AVERAGE(Z85,AA85) -> 45 | AC85: 43.6 | AD85: 44.6 | AE85: =AVERAGE(AC85,AD85) -> 44.1 | AF85: 12.20pm | AG85: 2.21pm | AH85: 2.26pm | AI85: 4.28pm | AJ85: 4.33pm | AK85: 6.34pm | AM85: 12.20pm | AN85: 6.34pm | AP85: 2.21pm | AQ85: 2.26pm | AR85: 5 | AS85: 4.28pm | AT85: 4.33pm | AU85: 5 | BB85: 1:05:40pm - Take Water 2:43:40pm - Call Researcher 2:54:00pm - Turn to throw rubbish 4.53pm - 5.01pm: Subject snacking even though she was told to stop | BC85: =IF(AND(G85="Male", J85>25, U85>24.9), "Obese", IF(AND(G85="Female", J85>32, U85>24.9), "Obese", "Not Obese")) -> Not Obese | BE85: CCTV time is 1-2 seconds early; CCTV time: 14:21:04 GCR filled at 14:21:05
A86: A082 | B86: 45517 | C86: 3F | D86: 21 | G86: Male | H86: =IF(OR(AND(G86="Male",J86>=25),AND(G86="Female",J86>=32)),"Yes","No") -> Yes | I86: 71.6 | J86: 29.1 | K86: 13.5 | L86: 1584 | M86: 27.7 | N86: 34.3 | O86: 20.2 | P86: 45.2 | Q86: 20 | R86: 26 | S86: 18 | T86: 26.5 | U86: 25.4 | V86: 61 | W86: 36.8 | X86: 37.2 | Y86: =AVERAGE(W86,X86) -> 37 | Z86: 44.5 | AA86: 44.6 | AB86: =AVERAGE(Z86,AA86) -> 44.55 | AC86: 40.2 | AD86: 44.8 | AE86: =AVERAGE(AC86,AD86) -> 42.5 | AF86: 12.15pm | AG86: 2.17pm | AH86: 2.22pm | AI86: 4.23pm | AJ86: 4.31pm | AK86: 6.29pm | AM86: 12.16pm | AP86: 2.17pm | AQ86: 2.22pm | AR86: 5 | AS86: 4.23pm | AT86: 4.28pm | AU86: 5 | BB86: 2:51:10pm - Picks up something from floor | BC86: =IF(AND(G86="Male", J86>25, U86>24.9), "Obese", IF(AND(G86="Female", J86>32, U86>24.9), "Obese", "Not Obese")) -> Obese | BE86: CCTV time is 1-2 seconds early; CCTV time: 14:17:21 GCR filled at 14:17:22
A87: A083 | B87: 45521 | C87: 2D | D87: 21 | G87: Female | H87: =IF(OR(AND(G87="Male",J87>=25),AND(G87="Female",J87>=32)),"Yes","No") -> Yes | I87: 56.8 | J87: 37.9 | K87: 8.5 | L87: 1183 | M87: 21.2 | N87: 22.8 | O87: 15.4 | P87: 33.9 | Q87: 31.1 | R87: 49.3 | S87: 28.2 | T87: 41.4 | U87: 24.6 | V87: 68 | W87: 38.3 | X87: 38.2 | Y87: =AVERAGE(W87,X87) -> 38.25 | Z87: 44.4 | AA87: 44.9 | AB87: =AVERAGE(Z87,AA87) -> 44.65 | AC87: 41 | AD87: 42 | AE87: =AVERAGE(AC87,AD87) -> 41.5 | AF87: 12.18pm | AG87: 2.19pm | AH87: 2.24pm | AI87: 4.26pm | AJ87: 4.30pm | AK87: 6.32pm | AL87: 12.27pm - 12.31pm: Both Disconnected 1.18pm: 2D_ R Disconnected 1.38pm: Both Disconnected 1.58pm: 2D_R Disconnected 3.45pm: Both Disconnected 4.04pm: 2D_R Disconnected 4.24pm: 2D_R Disconnected | AM87: 12.18pm | AN87: 6.32pm | AP87: 2.19pm | AQ87: 2.24pm | AR87: 5 | AS87: 4.25pm | AT87: 4.30pm | AU87: 5 | BB87: 4.45pm: Lean forward to touch screen Overall Discomfort Rating shot up last 40 minutes | BC87: =IF(AND(G87="Male", J87>25, U87>24.9), "Obese", IF(AND(G87="Female", J87>32, U87>24.9), "Obese", "Not Obese")) -> Not Obese | BE87: CCTV time is 12 seconds early; CCTV time: 14:19:33 GCR filled at 14:19:45
A88: A084 | B88: 45521 | C88: 2F | D88: 26 | G88: Female | H88: =IF(OR(AND(G88="Male",J88>=25),AND(G88="Female",J88>=32)),"Yes","No") -> Yes | I88: 61.3 | J88: 34.2 | K88: 7 | L88: 1272 | M88: 23.8 | N88: 24.9 | O88: 18.1 | P88: 36.7 | Q88: 29.7 | R88: 46.3 | S88: 26 | T88: 41.2 | U88: 25.2 | V88: 50 | W88: 39.7 | X88: 39.7 | Y88: =AVERAGE(W88,X88) -> 39.7 | Z88: 47.2 | AA88: 48.2 | AB88: =AVERAGE(Z88,AA88) -> 47.7 | AC88: 40 | AD88: 41 | AE88: =AVERAGE(AC88,AD88) -> 40.5 | AF88: 12.14pm | AG88: 2.15pm | AH88: 2.20pm | AI88: 4.21pm | AJ88: 4.25pm | AK88: 6.26pm | AM88: 12.13pm | AN88: 6.26pm | AP88: 2.15pm | AQ88: 2.20pm | AR88: 5 | AS88: 4.21pm | AT88: 4.25pm | AU88: 4 | BC88: =IF(AND(G88="Male", J88>25, U88>24.9), "Obese", IF(AND(G88="Female", J88>32, U88>24.9), "Obese", "Not Obese")) -> Obese | BE88: CCTV time is 12 seconds early; CCTV time: 14:14:33 GCR filled at 14:14:45
A89: A085 | B89: 45521 | C89: 3D | D89: 23 | G89: Female | H89: =IF(OR(AND(G89="Male",J89>=25),AND(G89="Female",J89>=32)),"Yes","No") -> Yes | I89: 59.1 | J89: 39 | K89: 7.5 | L89: 1214 | M89: 21.2 | N89: 22.3 | O89: 15.6 | P89: 33.6 | Q89: 31.4 | R89: 51.4 | S89: 28.8 | T89: 43.5 | U89: 24.3 | V89: 65 | W89: 38.1 | X89: 38.6 | Y89: =AVERAGE(W89,X89) -> 38.35 | Z89: 44.4 | AA89: 44.6 | AB89: =AVERAGE(Z89,AA89) -> 44.5 | AC89: 41.8 | AD89: 41.4 | AE89: =AVERAGE(AC89,AD89) -> 41.6 | AF89: 12.30pm | AG89: 2.31pm | AH89: 2.36pm | AI89: 4.38pm | AJ89: 4.43pm | AK89: 6.44pm | AL89: 1.03pm: 3D_L Disconnected 1.30pm: 3D_L Disconnected 1.40pm: Both Disconnected 2.30pm: Both Disconnected 3.20pm: 3D_R Disconnected 6.43pm: 3D_R Disconnected | AM89: 12.28pm | AN89: 6.44pm | AP89: 2.31pm | AQ89: 2.36pm | AR89: 5 | AS89: 4.38pm | AT89: 4.43pm | AU89: 5 | BB89: 12.43pm: Face Camera Started Late | BC89: =IF(AND(G89="Male", J89>25, U89>24.9), "Obese", IF(AND(G89="Female", J89>32, U89>24.9), "Obese", "Not Obese")) -> Not Obese | BE89: CCTV time is 12 seconds early; CCTV time: 14:30:46 GCR filled at 14:30:58
A90: A086 | B90: 45521 | C90: 3F | D90: 22 | G90: Female | H90: =IF(OR(AND(G90="Male",J90>=25),AND(G90="Female",J90>=32)),"Yes","No") -> No | I90: 50.2 | J90: 24.8 | K90: 3.5 | L90: 1139 | M90: 27.4 | N90: 31.5 | O90: 21.8 | P90: 40.5 | Q90: 21.9 | R90: 34.3 | S90: 17.5 | T90: 29.2 | U90: 20.9 | V90: 43 | W90: 35.1 | X90: 34.3 | Y90: =AVERAGE(W90,X90) -> 34.7 | Z90: 44.5 | AA90: 44.2 | AB90: =AVERAGE(Z90,AA90) -> 44.35 | AC90: 41.5 | AD90: 41.3 | AE90: =AVERAGE(AC90,AD90) -> 41.4 | AF90: 12.36pm | AG90: 2.37pm | AH90: 2.43pm | AI90: 4.44pm | AJ90: 4.50pm | AK90: 6.51pm | AL90: 1.34pm: 3F_R Disconnected 3.00pm - 3.03pm: 3F_L Disconnected | AM90: 12.36pm | AN90: 6.52pm | AP90: 2.38pm | AQ90: 2.43pm | AR90: 5 | AS90: 4.45pm | AT90: 4.50pm | AU90: 5 | BB90: 1.34pm: Adjust Face Camera Angle (Bad Angle) | BC90: =IF(AND(G90="Male", J90>25, U90>24.9), "Obese", IF(AND(G90="Female", J90>32, U90>24.9), "Obese", "Not Obese")) -> Not Obese | BE90: CCTV time is 12 seconds early; CCTV time: 16:44:04 GCR filled at 16:44:16
A91: A087 | B91: 45522 | C91: 2D | D91: 17 | E91: 21 | F91: 19 | G91: Male | H91: =IF(OR(AND(G91="Male",J91>=25),AND(G91="Female",J91>=32)),"Yes","No") -> Yes | I91: 65.4 | J91: 27 | K91: 5 | L91: 1514 | M91: 31.4 | N91: 38 | O91: 23.6 | P91: 48.7 | Q91: 17.8 | R91: 25.7 | S91: 15.5 | T91: 25.9 | U91: 20.4 | V91: 38 | W91: 39.7 | X91: 39.1 | Y91: =AVERAGE(W91,X91) -> 39.4 | Z91: 50 | AA91: 49.6 | AB91: =AVERAGE(Z91,AA91) -> 49.8 | AC91: 53.8 | AD91: 52.2 | AE91: =AVERAGE(AC91,AD91) -> 53 | AF91: 12.33pm | AG91: 2.34pm | AH91: 2.39pm | AI91: 4.40pm | AJ91: 4.45pm | AK91: 6.45pm | AL91: 4.19pm: 2D_R disconnected | AM91: 12.33pm | AN91: 6.46pm | AP91: 2.34pm | AQ91: 2.39pm | AR91: 5 | AS91: 4.40pm | AT91: 4.45pm | AU91: 5 | BB91: 1:57pm: Pushed seat back, seat angle changed by 2-3 degrees | BC91: =IF(AND(G91="Male", J91>25, U91>24.9), "Obese", IF(AND(G91="Female", J91>32, U91>24.9), "Obese", "Not Obese")) -> Not Obese | BE91: CCTV time is 14-15 seconds early; CCTV time: 14:34:12 GCR filled at 14:34:26
A92: A088 | B92: 45522 | C92: 2F | D92: 23 | G92: Male | H92: =IF(OR(AND(G92="Male",J92>=25),AND(G92="Female",J92>=32)),"Yes","No") -> Yes | I92: 78.1 | J92: 26.9 | K92: 10.5 | L92: 1712 | M92: 30.5 | N92: 37 | O92: 23 | P92: 47.9 | Q92: 18.6 | R92: 25.4 | S92: 16.7 | T92: 25.5 | U92: 25.5 | V92: 50 | W92: 41.7 | X92: 41.5 | Y92: =AVERAGE(W92,X92) -> 41.6 | Z92: 46.6 | AA92: 47.7 | AB92: =AVERAGE(Z92,AA92) -> 47.15 | AC92: 49.5 | AD92: 49.9 | AE92: =AVERAGE(AC92,AD92) -> 49.7 | AF92: 12.38pm | AG92: 2.39pm | AH92: 2.44pm | AI92: 4.45pm | AJ92: 4.50pm | AK92: 6.50pm | AL92: - | AM92: 12.38pm | AN92: 6.51pm | AP92: 2.39pm | AQ92: 2.44pm | AR92: 5 | AS92: 4.45pm | AT92: 4.50pm | AU92: 5 | BB92: 6.17pm: Lean forward to open sweets | BC92: =IF(AND(G92="Male", J92>25, U92>24.9), "Obese", IF(AND(G92="Female", J92>32, U92>24.9), "Obese", "Not Obese")) -> Obese | BE92: CCTV time is 14-15 seconds early; CCTV time: 16:45:11 GCR filled at 16:45:26
A93: A089 | B93: 45522 | C93: 3D | D93: 25 | E93: 26 | F93: 31 | G93: Male | H93: =IF(OR(AND(G93="Male",J93>=25),AND(G93="Female",J93>=32)),"Yes","No") -> Yes | I93: 80.3 | J93: 29.4 | K93: 14 | L93: 1729 | M93: 29 | N93: 35.4 | O93: 21.1 | P93: 46.4 | Q93: 20.5 | R93: 27.8 | S93: 18.7 | T93: 28.2 | U93: 27.8 | V93: 55 | W93: 43.2 | X93: 41.9 | Y93: =AVERAGE(W93,X93) -> 42.55 | Z93: 52.1 | AA93: 50.5 | AB93: =AVERAGE(Z93,AA93) -> 51.3 | AC93: 50.6 | AD93: 48.5 | AE93: =AVERAGE(AC93,AD93) -> 49.55 | AF93: 12.51pm | AG93: 2.51pm | AH93: 3.02pm | AI93: 4.58pm | AJ93: 5.02pm | AK93: 7.02pm | AL93: 1.13pm: Disconnected From 2.58pm-3.02pm: data not saved | AM93: 12.50pm | AN93: 7.03pm | AP93: 2.51pm | AQ93: 2.57pm | AR93: 5 | AS93: 4.58pm | AT93: 5.02pm | AU93: 4 | BB93: Seat angle changes as the participant pushes the backrest @ 13:02:20, 17:02:00; Post-study feedback: cloe to no discomfort, only ache on shoulders | BC93: =IF(AND(G93="Male", J93>25, U93>24.9), "Obese", IF(AND(G93="Female", J93>32, U93>24.9), "Obese", "Not Obese")) -> Obese | BD93: ? | BE93: CCTV time is 14-15 seconds early; CCTV time: 16:57:39 GCR filled at 16:57:53
A94: A090 | B94: 45522 | C94: 3F | D94: 26 | E94: 28 | F94: 30 | G94: Male | H94: =IF(OR(AND(G94="Male",J94>=25),AND(G94="Female",J94>=32)),"Yes","No") -> Yes | I94: 72.3 | J94: 25.9 | K94: 10.5 | L94: 1619 | M94: 30 | N94: 36.2 | O94: 22.9 | P94: 47.4 | Q94: 17.8 | R94: 23.6 | S94: 15.9 | T94: 23.8 | U94: 24.4 | V94: 52 | W94: 40.4 | X94: 40.8 | Y94: =AVERAGE(W94,X94) -> 40.6 | Z94: 45.8 | AA94: 47.1 | AB94: =AVERAGE(Z94,AA94) -> 46.45 | AC94: 45.6 | AD94: 44.7 | AE94: =AVERAGE(AC94,AD94) -> 45.15 | AF94: 12.29pm | AG94: 2.30pm | AH94: 2.36pm | AI94: 4.36pm | AJ94: 4.41pm | AK94: 6.41pm | AM94: 12.27pm | AN94: 6.42pm | AP94: 2.30pm | AQ94: 2.36pm | AR94: 6 | AS94: 4.36pm | AT94: 4.41pm | AU94: 5 | BB94: 12:30:40: stand up, filled ratings twice initially 1.10pm & 2.10pm: Lean forward to talk to researchers 2:18:00 - 2:19:40: pressing coat button & turning to inspect surroundings 3.57pm/4.16pm/5.43pm: unnecessary movements | BC94: =IF(AND(G94="Male", J94>25, U94>24.9), "Obese", IF(AND(G94="Female", J94>32, U94>24.9), "Obese", "Not Obese")) -> Not Obese | BD94: ? | BE94: CCTV time is 17 seconds early; CCTV time: 14:29:26 GCR filled at 14:29:43
A95: A091 | B95: 45524 | C95: 2D | D95: 29 | G95: Female | H95: =IF(OR(AND(G95="Male",J95>=25),AND(G95="Female",J95>=32)),"Yes","No") -> No | I95: 55.2 | J95: 27.7 | K95: 3.5 | L95: 1207 | M95: 26.6 | N95: 29.5 | O95: 20.8 | P95: 39.1 | Q95: 23.2 | R95: 37.9 | S95: 19.4 | T95: 31.8 | U95: 20.8 | V95: 46 | W95: 39.2 | X95: 39.6 | Y95: =AVERAGE(W95,X95) -> 39.4 | Z95: 46.7 | AA95: 46.1 | AB95: =AVERAGE(Z95,AA95) -> 46.4 | AC95: 42.4 | AD95: 42.9 | AE95: =AVERAGE(AC95,AD95) -> 42.65 | AF95: 12.49pm | AG95: 2.50pm | AH95: 2.55pm | AI95: 4.57pm | AJ95: 5.02pm | AK95: 7.03pm | AL95: 12.55pm/1.26pm/2.57pm/3.35pm/5.10pm/6.40pm: disconnected | AM95: 12.49pm | AN95: 7.03pm | AP95: 2.50pm | AQ95: 2.55pm | AR95: 5 | AS95: 4.57pm | AT95: 5.02pm | AU95: 5 | BC95: =IF(AND(G95="Male", J95>25, U95>24.9), "Obese", IF(AND(G95="Female", J95>32, U95>24.9), "Obese", "Not Obese")) -> Not Obese | BE95: CCTV time is 2 seconds early; CCTV time: 14:50:31 GCR filled at 14:50:33
A96: A092 | B96: 45524 | C96: 2F | D96: 22 | G96: Female | H96: =IF(OR(AND(G96="Male",J96>=25),AND(G96="Female",J96>=32)),"Yes","No") -> Yes | I96: 47.9 | J96: 35.2 | K96: 3 | L96: 1064 | M96: 22.8 | N96: 26.6 | O96: 18 | P96: 33.4 | Q96: 26.1 | R96: 47.1 | S96: 24 | T96: 37.7 | U96: 19.7 | V96: 45 | W96: =64.5-29.1 -> 35.4 | X96: =64.2-28.6 -> 35.6 | Y96: =AVERAGE(W96,X96) -> 35.5 | Z96: 47.2 | AA96: 46.1 | AB96: =AVERAGE(Z96,AA96) -> 46.65 | AC96: 41.8 | AD96: 42.4 | AE96: =AVERAGE(AC96,AD96) -> 42.1 | AF96: 12.33pm | AG96: 2.35pm | AH96: 2.39pm | AI96: 4.40pm | AJ96: 4.45pm | AK96: 6.45pm | AM96: 12.34pm | AN96: 6.46pm | AP96: 2.35pm | AQ96: 2.40pm | AR96: 5 | AS96: 4.40pm | AT96: 4.45pm | AU96: 5 | BC96: =IF(AND(G96="Male", J96>25, U96>24.9), "Obese", IF(AND(G96="Female", J96>32, U96>24.9), "Obese", "Not Obese")) -> Not Obese | BE96: CCTV time is 2 seconds early; CCTV time: 16:40:25 GCR filled at 16:40:27
A97: A093 | B97: 45524 | C97: 3D | D97: 20 | G97: Female | H97: =IF(OR(AND(G97="Male",J97>=25),AND(G97="Female",J97>=32)),"Yes","No") -> No | I97: 60.9 | J97: 31.5 | K97: 4.5 | L97: 1281 | M97: 25.4 | N97: 26.8 | O97: 19.6 | P97: 37.9 | Q97: 26.5 | R97: 43 | S97: 22.9 | T97: 37.2 | U97: 22.6 | V97: 46 | W97: =60-19.6 -> 40.4 | X97: =59-21 -> 38 | Y97: =AVERAGE(W97,X97) -> 39.2 | Z97: 45.5 | AA97: 45.2 | AB97: =AVERAGE(Z97,AA97) -> 45.35 | AC97: 41.4 | AD97: 41.6 | AE97: =AVERAGE(AC97,AD97) -> 41.5 | AF97: 12.44pm | AG97: 2.44pm | AH97: 2.49pm | AI97: 4.49pm | AJ97: 4.54pm | AK97: 6.54pm | AL97: 1.26pm/3.35pm/4.30pm/5.33pm: disconnected due to participant's posture | AM97: 12.43pm | AN97: 6.54pm | AP97: 2.44pm | AQ97: 2.49pm | AR97: 5 | AS97: 4.49pm | AT97: 4.54pm | AU97: 5 | BB97: 6.02pm/6:06:40pm/6.14pm-6.15pm/6.34pm: using phone (check CCTV) | BC97: =IF(AND(G97="Male", J97>25, U97>24.9), "Obese", IF(AND(G97="Female", J97>32, U97>24.9), "Obese", "Not Obese")) -> Not Obese | BE97: CCTV time is 2 seconds early; CCTV time: 14:44:02 GCR filled at 14:44:04
A98: A094 | B98: 45524 | C98: 3F | D98: 28 | G98: Female | H98: =IF(OR(AND(G98="Male",J98>=25),AND(G98="Female",J98>=32)),"Yes","No") -> No | I98: 55.3 | J98: 26.4 | K98: 3 | L98: 1216 | M98: 27.4 | N98: 30.5 | O98: 21.6 | P98: 39.8 | Q98: 22.2 | R98: 36.5 | S98: 18.3 | T98: 30.7 | U98: 20.3 | V98: 42 | W98: =58.6-21.7 -> 36.9 | X98: =58.3-22.2 -> 36.1 | Y98: =AVERAGE(W98,X98) -> 36.5 | Z98: 44.2 | AA98: 44.6 | AB98: =AVERAGE(Z98,AA98) -> 44.4 | AC98: 45.4 | AD98: 44.3 | AE98: =AVERAGE(AC98,AD98) -> 44.85 | AF98: 12.04pm | AG98: 2.05pm | AH98: 2.10pm | AI98: 4.10pm | AJ98: 4.15pm | AK98: 6.15pm | AM98: 12.04pm | AN98: 6.15pm | AP98: 2.05pm | AQ98: 2.10pm | AR98: 5 | AS98: 4.10pm | AT98: 4.15pm | AU98: 5 | BC98: =IF(AND(G98="Male", J98>25, U98>24.9), "Obese", IF(AND(G98="Female", J98>32, U98>24.9), "Obese", "Not Obese")) -> Not Obese | BE98: CCTV time is 2 seconds early; CCTV time: 14:04:43 GCR filled at 14:04:45
A99: A095 | B99: 45528 | C99: 2D | D99: 25 | G99: Female | H99: =IF(OR(AND(G99="Male",J99>=25),AND(G99="Female",J99>=32)),"Yes","No") -> Yes | I99: 63.8 | J99: 32.7 | K99: 6 | L99: 1320 | M99: 25 | N99: 25.7 | O99: 18.8 | P99: 37.8 | Q99: 27.8 | R99: 43.7 | S99: 24.2 | T99: 37.7 | U99: 23.7 | V99: 54 | W99: =62.2-21.1 -> 41.1 | X99: =61.7-21.2 -> 40.5 | Y99: =AVERAGE(W99,X99) -> 40.8 | Z99: 45.3 | AA99: 46.1 | AB99: =AVERAGE(Z99,AA99) -> 45.7 | AC99: 43.5 | AD99: 43.8 | AE99: =AVERAGE(AC99,AD99) -> 43.65 | AF99: 12.34pm | AG99: 2.35pm | AH99: 2.40pm | AI99: 4.41pm | AJ99: 4.45pm | AK99: 6.46pm | AL99: 4.16pm: Restarted motion sensors (S2_2) | AM99: 12.34pm | AN99: 6.46pm | AP99: 2.35pm | AQ99: 2.40pm | AR99: 5 | AS99: 4.41pm | AT99: 4.45pm | AU99: 4 | BB99: 1.11pm-1.13pm: Making a call | BC99: =IF(AND(G99="Male", J99>25, U99>24.9), "Obese", IF(AND(G99="Female", J99>32, U99>24.9), "Obese", "Not Obese")) -> Not Obese | BE99: CCTV time is 14-15 seconds early; GCR (1st break) filled at 14:34:58; CCTV time: 14:34:43
A100: A096 | B100: 45528 | C100: 2F | D100: 18 | G100: Female | H100: =IF(OR(AND(G100="Male",J100>=25),AND(G100="Female",J100>=32)),"Yes","No") -> Yes | I100: 65.6 | J100: 32.1 | K100: 6.5 | L100: 1354 | M100: 25.8 | N100: 26.3 | O100: 18.9 | P100: 39.4 | Q100: 28 | R100: 41.9 | S100: 24.1 | T100: 35.7 | U100: 24.4 | V100: 60 | W100: 37.3 | X100: 38 | Y100: =AVERAGE(W100,X100) -> 37.65 | Z100: 46.9 | AA100: 46.9 | AB100: =AVERAGE(Z100,AA100) -> 46.9 | AC100: 42.4 | AD100: 41.2 | AE100: =AVERAGE(AC100,AD100) -> 41.8 | AF100: 12.23pm | AG100: 2.25pm | AH100: 2.30pm | AI100: 4.31pm | AJ100: 4.36pm | AK100: 6.37pm | AL100: 5.35pm-5.37pm:2F_R dropped out, recording stopped | AM100: 12.22pm | AN100: 6.37pm | AP100: 2.25pm | AQ100: 2.30pm | AR100: 5 | AS100: 4.31pm | AT100: 4.36pm | AU100: 5 | BB100: 2.52pm: Talk to researcher | BC100: =IF(AND(G100="Male", J100>25, U100>24.9), "Obese", IF(AND(G100="Female", J100>32, U100>24.9), "Obese", "Not Obese")) -> Not Obese | BE100: CCTV time is 14-15 seconds early; CCTV time: 14:25:12 GCR filled at 14:25:27
...

Sheet Pre-Q
A1: Subject code | B1: Selected | D1: Please enter your name. | E1: Sex: | F1: Height (in cm): | G1: Weight (in kg): | H1: Age (in years): | I1: Nationality: | J1: Ethnicity | K1: Where did you hear about the study? | L1: Are you currently feeling any muscle fatigue or soreness at any regions of your body? | M1: If Yes, which body region? | N1: Have you travelled across more than 1 time zone in the last 3 weeks? | O1: If yes, where to? | P1: How many flights have you taken in the past year? | Q1: In your previous flights, which class did you most frequently travel in? | R1: Have you ever taken a Business Class flight before? | S1: How many years have you been flying SIA Business Class on a regular basis? | T1: How many Business Class flights have you taken in the past 6 months? | U1: When was your most recent SIA Business Class flight? (strictly SIA) | V1: When was your most recent non-SIA Business Class flight? | W1: How frequently do you take long-haul (6-12 hours) or ultra-long-haul (more than 12 hours) flights a year? | X1: In your most recent flight, did you feel discomfort at any point during the flight? | Y1: If Yes, what do you think was the main cause of discomfort? | Z1: What is your typical daily duration of sitting? (i.e., At work or at home) | AA1: Do you often experience discomfort while sitting for an extended period?
A2: A005 | B2: 1 | C2: Ng Guat Ping | D2: Guat Ping Ng | E2: Female | F2: 161 | G2: 70 | H2: 50 | I2: Singapore Citizen | J2: Chinese | K2: Word of mouth | L2: No | N2: No | P2: 1 to 5 | Q2: Economy Class | R2: Yes | S2: 15 | T2: 0 | W2: 1 to 5 | X2: No | Z2: 6 to 9 hours | AA2: Yes
A3: A008 | B3: 1 | C3: Viknesvaran Selvarajan | D3: Viknesvaran Selvarajan | E3: Male | F3: 178 | G3: 73 | H3: 44 | I3: Malaysian | J3: Indian | K3: Telegram | L3: No | N3: No | P3: 1 to 5 | Q3: Economy Class | R3: No | W3: 1 to 5 | X3: No | Z3: 3 to 6 hours | AA3: No
A4: A009 | B4: 1 | C4: Umathevy Janarthanan | D4: Umathevy Janarthanan | E4: Female | F4: 156 | G4: 60 | H4: 42 | I4: Malaysian | J4: Indian | K4: Telegram | L4: No | N4: No | P4: 1 to 5 | Q4: Economy Class | R4: No | W4: 1 to 5 | X4: No | Z4: 3 to 6 hours | AA4: No
A5: A012 | B5: 1 | C5: KANG POH SENG | D5: KANG POH SENG | E5: Male | F5: 162 | G5: 70 | H5: 54 | I5: Singapore | J5: Chinese | K5: Friend | L5: No | N5: No | P5: 1 to 5 | Q5: Economy Class | R5: No | W5: 1 to 5 | X5: No | Z5: 3 to 6 hours | AA5: No
A6: A020 | B6: 1 | C6: Fiona Loke | D6: Loke Yean Nee Fiona | E6: Female | F6: 157 | G6: 75 | H6: 49 | I6: Singaporean | J6: Chinese | K6: My Dad | L6: No | N6: No | P6: 1 to 5 | Q6: Economy Class | R6: No | W6: 6 to 15 | X6: Yes | Y6: Seat cushion and lowering of the seat | Z6: 0 to 3 hours | AA6: Yes
A7: A021 | B7: 1 | C7: Alyn Wong | D7: Alyn Wong | E7: Female | F7: 160 | G7: 45 | H7: 54 | I7: Singapore Citizen | J7: Chinese | K7: Friend | L7: No | N7: No | P7: 0 | Q7: Economy Class | R7: No | W7: 0 | X7: No | Z7: 3 to 6 hours | AA7: No
A8: A023 | B8: 1 | C8: Toh Ee Wen Kelvin | D8: Toh Ee Wen Kelvin | E8: Male | F8: 178 | G8: 108 | H8: 41 | I8: Singapore | J8: Chinese | K8: Telegram | L8: No | N8: No | P8: 1 to 5 | Q8: Economy Class | R8: Yes | S8: 0 | T8: 0 | W8: 1 to 5 | X8: No | Z8: More than 9 hours | AA8: Yes
A9: A027 | B9: 1 | C9: Eugene Chen | D9: Eugene Chen | E9: Male | F9: 164 | G9: 59 | H9: 43 | I9: Singaporean | J9: Chinese | K9: Telegram | L9: No | N9: No | P9: 1 to 5 | Q9: Economy Class | R9: Yes | T9: 0 | W9: 1 to 5 | X9: No | Z9: More than 9 hours | AA9: No
A10: A029 | B10: 1 | C10: Ng Choon Bee | D10: Ng Choon Bee | E10: Female | F10: 160 | G10: 54 | H10: 51 | I10: Singaporean | J10: Chinese | K10: Family | L10: No | N10: No | P10: 1 to 5 | Q10: Economy Class | R10: Yes | S10: O | T10: 0 | W10: 1 to 5 | X10: Yes | Y10: Inability to sleep well | Z10: 3 to 6 hours | AA10: No
A11: A030 | B11: 1 | C11: CHOW KIT YEE | D11: CHOW KIT YEE | E11: Female | F11: 163 | G11: 50 | H11: 58 | I11: Singaporean | J11: Chinese | K11: Friend | L11: No | N11: No | P11: 1 to 5 | Q11: Economy Class | R11: No | W11: 1 to 5 | X11: Yes | Y11: Space constraint | Z11: 6 to 9 hours | AA11: Yes
A12: A031 | B12: 1 | C12: John Lim | D12: John Lim | E12: Male | F12: 1.73 | G12: 80 | H12: 55 | I12: Singapore | J12: Chinese | K12: edm | L12: No | N12: No | P12: 1 to 5 | Q12: Economy Class | R12: Yes | S12: 1 | T12: 0 | W12: 0 | X12: No | Z12: 6 to 9 hours | AA12: No
A13: A034 | B13: 1 | C13: Ng Beng See | D13: Ng Beng See | E13: Female | F13: 152 | G13: 56 | H13: 55 | I13: Singapore | J13: Chinese | K13: friend | L13: No | N13: No | P13: 1 to 5 | Q13: Economy Class | R13: No | W13: 1 to 5 | X13: Yes | Y13: seated too long, narrow seat | Z13: 0 to 3 hours | AA13: Yes
A14: A039 | B14: 1 | C14: YAP SIEW LING ROSALIND | D14: Yap Siew Ling Rosalind | E14: Female | F14: 163 | G14: 63 | H14: 55 | I14: Singaporean | J14: Chinese | K14: Friend | L14: No | N14: No | P14: 1 to 5 | Q14: Economy Class | R14: Yes | T14: 0 | W14: 1 to 5 | X14: Yes | Y14: Cabin temperature is warm. Seating discomfort near end of flight. | Z14: 3 to 6 hours | AA14: Yes
A15: A047 | B15: 1 | C15: Tan Hui Soon | D15: Tan hui soon | E15: Female | F15: 166 | G15: 59 | H15: 54 | I15: Singaporean | J15: Chinese | K15: Friend | L15: No | N15: No | P15: 1 to 5 | Q15: Economy Class | R15: Yes | S15: 7 | T15: 0 | W15: 1 to 5 | X15: Yes | Y15: Tight leg space and seat, turbulence, dry air | Z15: 0 to 3 hours | AA15: Yes
A16: A048 | B16: 1 | C16: NORFARTINA ABDUL HAMID | D16: NORFARTINA BINTE ABDUL HAMID | E16: Female | F16: 149 | G16: 64 | H16: 42 | I16: SINGAPOREAN | J16: Malay | K16: A FRIEND SHARE IT FROM TELEGRAM | L16: No | N16: No | P16: 6 to 15 | Q16: Economy Class | R16: No | W16: 0 | X16: No | Z16: 3 to 6 hours | AA16: Yes
A17: A050 | B17: 1 | C17: Yee Hsien Ta | D17: Jason Yee | E17: Male | F17: 170 | G17: 68 | H17: 55 | I17: Singaporean | J17: Chinese | K17: From friends | L17: No | N17: No | P17: 1 to 5 | Q17: Premium Economy Class | R17: Yes | S17: 1 | T17: 0 | W17: 1 to 5 | X17: No | Z17: More than 9 hours | AA17: No
A18: A052 | B18: 1 | C18: Yvonne Lim | D18: Yvonne Kek | E18: Female | F18: 159 | G18: 47 | H18: 52 | I18: Singaporean | J18: Chinese | K18: Friend | L18: No | N18: No | P18: 0 | Q18: Economy Class | R18: No | W18: 0 | X18: No | Z18: 3 to 6 hours | AA18: No
A19: A053 | B19: 1 | C19: Davis Sim Kok Hiang | D19: Davis Sim Kok Hiang | E19: Male | F19: 176 | G19: 107 | H19: 42 | I19: Singaporean | J19: Chinese | K19: telegram | L19: No | N19: No | P19: 1 to 5 | Q19: Economy Class | R19: Yes | T19: 1 to 5 | U19: More than 6 months ago | V19: More than 6 months ago | W19: 1 to 5 | X19: Yes | Y19: overnight flight and seat size. | Z19: More than 9 hours | AA19: Yes
A20: A058 | B20: 1 | C20: Chua Chek Meng | D20: Eddie Chua | E20: Male | F20: 171 | G20: 79 | H20: 59 | I20: Singapore | J20: Chinese | K20: Friends | L20: No | N20: No | P20: 6 to 15 | Q20: Economy Class | R20: Yes | S20: 2 | T20: 0 | W20: 1 to 5 | X20: Yes | Y20: Stay in the seat for long hours | Z20: 6 to 9 hours | AA20: No
A21: A060 | B21: 1 | C21: ong bee yong | D21: Ong Bee Yong | E21: Female | F21: 156 | G21: 60 | H21: 50 | I21: Singaporean | J21: Chinese | K21: Friend | L21: No | N21: No | P21: 1 to 5 | Q21: Economy Class | R21: Yes | S21: Nil | T21: 0 | W21: 1 to 5 | X21: Yes | Y21: The back of the seat causes back aches - not comfortable, n the size of the seat. | Z21: 3 to 6 hours | AA21: Yes
A22: A063 | B22: 1 | C22: Koay siew hoon | D22: Sandy | E22: Female | F22: 150 | G22: 46.5 | H22: 44 | I22: Singaporean | J22: Chinese | K22: From friend | L22: No | N22: No | P22: 1 to 5 | Q22: Economy Class | R22: No | W22: 6 to 15 | X22: No | Z22: 3 to 6 hours | AA22: Yes
A23: A068 | B23: 1 | C23: Cheng Zhe | D23: Cheng Zhe | E23: Male | F23: 171 | G23: 76 | H23: 48 | I23: Singaporean | J23: Chinese | K23: Friend | L23: No | N23: No | P23: 1 to 5 | Q23: Economy Class | R23: No | W23: 1 to 5 | X23: No | Z23: 6 to 9 hours | AA23: No
A24: A077 | B24: 1 | C24: Hartaty Widjaja | D24: Hartaty Widjaja | E24: Female | F24: 155 | G24: 58 | H24: 63 | I24: Indonesian | J24: Chinese | K24: Friend | L24: No | N24: No | P24: 6 to 15 | Q24: Economy Class | R24: Yes | T24: 0 | W24: 1 to 5 | X24: Yes | Y24: No comfortable place to rest my head | Z24: 3 to 6 hours | AA24: No
A25: A078 | B25: 1 | C25: Adeline Heng | D25: Adeline Heng | E25: Female | F25: 167 | G25: 64 | H25: 57 | I25: Singaporean | J25: Chinese | K25: A friend | L25: Yes | M25: Right Shoulder | N25: No | P25: 0 | Q25: Economy Class | R25: Yes | S25: Once only | T25: 0 | W25: 0 | X25: No | Z25: 0 to 3 hours | AA25: No
A26: A087 | B26: 1 | C26: Mark Chen | D26: Mark Chen | E26: Male | F26: 179 | G26: 65 | H26: 42 | I26: Sgrean | J26: Chinese | K26: From a friend | L26: No | N26: No | P26: 6 to 15 | Q26: Economy Class | R26: Yes | S26: 0 | T26: 0 | W26: 1 to 5 | X26: Yes | Y26: Leg soreness | Z26: 6 to 9 hours | AA26: No
A27: A088 | B27: 1 | C27: Seow cherng jye | D27: Seow Cherng jye | E27: Male | F27: 175 | G27: 76 | H27: 43 | I27: Singaporean | J27: Chinese | K27: From friend | L27: No | N27: No | P27: 6 to 15 | Q27: Economy Class | R27: Yes | S27: 0 | T27: 0 | W27: 1 to 5 | X27: Yes | Y27: Back and neck stiffness | Z27: 3 to 6 hours | AA27: No
A28: A091 | B28: 1 | C28: Valerie Eng Li Huay | D28: Valerie Eng Li Huay | E28: Female | F28: 163 | G28: 55 | H28: 51 | I28: Singaporean | J28: Chinese | K28: Friend | L28: No | N28: No | P28: More than 15 | Q28: Economy Class | R28: Yes | T28: 0 | W28: 0 | X28: No | Z28: 0 to 3 hours | AA28: Yes
A29: A092 | B29: 1 | C29: Peh Ai Ling Irene | D29: Peh Ai Ling Irene | E29: Female | F29: 156 | G29: 47 | H29: 48 | I29: Singaporean | J29: Chinese | K29: Friend | L29: No | N29: No | P29: 1 to 5 | Q29: Economy Class | R29: No | W29: 6 to 15 | X29: No | Z29: 0 to 3 hours | AA29: No
A30: A096 | B30: 1 | C30: Hoong Suet Lee | D30: Hoong Suet Lee | E30: Female | F30: 164 | G30: 65 | H30: 59 | I30: Singaporean | J30: Chinese | K30: Friend | L30: No | N30: No | P30: 1 to 5 | Q30: Economy Class | R30: No | W30: 1 to 5 | X30: No | Z30: 3 to 6 hours | AA30: No
A31: A099 | B31: 1 | C31: Claire Teo | D31: Claire Teo | E31: Female | F31: 166 | G31: 82 | H31: 42 | I31: SINGAPOREAN | J31: Chinese | K31: Telegram | L31: No | N31: No | P31: 1 to 5 | Q31: Economy Class | R31: Yes | T31: 0 | W31: 0 | X31: Yes | Y31: Uncomfortable due to restricted chair position | Z31: 6 to 9 hours | AA31: Yes
A32: A102 | B32: 1 | C32: Ng Siew Hwa | D32: Ng Siew Hwa | E32: Female | F32: 148 | G32: 45 | H32: 63 | I32: Singapore | J32: Chinese | K32: Friend | L32: No | N32: No | P32: 1 to 5 | Q32: Economy Class | R32: Yes | T32: 0 | W32: 1 to 5 | X32: No | Z32: 3 to 6 hours | AA32: No
A33: A103 | B33: 1 | C33: Susanna Lam | D33: Susanna Lam | E33: Female | F33: 1.62 | G33: 65 | H33: 62 | I33: Singaporean | J33: Chinese | K33: Friend | L33: No | N33: No | P33: More than 15 | Q33: Business Class | R33: Yes | S33: 3 years | T33: 0 | W33: 1 to 5 | X33: No | Z33: 6 to 9 hours | AA33: Yes
A34: A107 | B34: 1 | C34: Lee Kian Wee | D34: Lee Kian Wee | E34: Male | F34: 180 | G34: 79 | H34: 54 | I34: Singaporean | J34: Chinese | K34: Friend | L34: No | N34: No | P34: 1 to 5 | Q34: Economy Class | R34: Yes | S34: 0 | T34: 0 | W34: 1 to 5 | X34: Yes | Y34: Seat | Z34: 3 to 6 hours | AA34: Yes
A35: A108 | B35: 1 | C35: Frances Koo | D35: Frances Koo | E35: Female | F35: 165 | G35: 70 | H35: 55 | I35: Singaporean | J35: Chinese | K35: From a friend | L35: No | N35: No | P35: 1 to 5 | Q35: Economy Class | R35: No | W35: 1 to 5 | X35: Yes | Y35: The seat | Z35: 6 to 9 hours | AA35: No
A36: A109 | B36: 1 | C36: Soeapi Soelaiman | D36: Soeapi Soelaiman | E36: Male | F36: 168 | G36: 70 | H36: 53 | I36: Indonesian | J36: Chinese | K36: Friends | L36: No | N36: No | P36: 6 to 15 | Q36: Economy Class | R36: Yes | S36: 2 | T36: 0 | W36: 1 to 5 | X36: Yes | Y36: Seat and leg space | Z36: 3 to 6 hours | AA36: No
A37: A113 | B37: 1 | C37: Ho Cheun Yin | D37: HO CHEUN YIN | E37: Male | F37: 169 | G37: 60 | H37: 53 | I37: SINGAPOREAN | J37: Chinese | K37: From my wife | L37: No | N37: No | P37: 1 to 5 | Q37: Economy Class | R37: No | W37: 0 | X37: No | Z37: 0 to 3 hours | AA37: Yes
A38: A114 | B38: 1 | C38: Tong Sook Yeen | D38: Tong Sook Yeen | E38: Female | F38: 160 | G38: 63 | H38: 51 | I38: Singaporean | J38: Chinese | K38: Friend | L38: No | N38: No | P38: 1 to 5 | Q38: Economy Class | R38: No | W38: 0 | X38: No | Z38: 3 to 6 hours | AA38: Yes
A39: A118 | B39: 1 | C39: Lam Woon Chin | D39: Lam Woon Chin | E39: Female | F39: 159 | G39: too heavy | H39: 50 | I39: Singaporean | J39: Chinese | K39: Friend | L39: No | N39: No | P39: 6 to 15 | Q39: Economy Class | R39: No | W39: 1 to 5 | X39: No | Z39: 3 to 6 hours | AA39: Yes
A40: A121 | B40: 1 | C40: Camelia Chng | D40: Camelia Chng | E40: Female | F40: 152 | G40: 50 | H40: 59 | I40: Singaporean | J40: Chinese | K40: Friends | L40: No | N40: No | P40: 1 to 5 | Q40: Economy Class | R40: No | W40: 1 to 5 | X40: Yes | Y40: Sitting in one position for too long. | Z40: 6 to 9 hours | AA40: Yes
A41: A125 | B41: 1 | C41: Chan Nang Heong | D41: CHAN NANG HEONG | E41: Male | F41: 169 | G41: 95 | H41: 56 | I41: SINGAPOREAN | J41: Chinese | K41: Sibling | L41: No | N41: No | P41: 1 to 5 | Q41: Economy Class | R41: No | W41: 1 to 5 | X41: No | Z41: 0 to 3 hours | AA41: Yes
A42: A142 | B42: 1 | C42: Tiang Kear Hwee | D42: Tiang kear hwee | E42: Female | F42: 167 | G42: 57 | H42: 46 | I42: Singapore citizen | J42: Chinese | K42: Friend | L42: No | N42: No | P42: 1 to 5 | Q42: Economy Class | R42: Yes | S42: 0 | T42: 0 | W42: 1 to 5 | X42: No | Z42: 3 to 6 hours | AA42: No
A43: A143 | B43: 1 | C43: Lim Kia Hwee Joanne | D43: Lim Kia Hwee Joanne | E43: Female | F43: 150 | G43: 41 | H43: 51 | I43: Singaporean | J43: Chinese | L43: No | N43: No | P43: 1 to 5 | Q43: Economy Class | R43: No | W43: 1 to 5 | X43: No | Z43: 0 to 3 hours | AA43: No
A44: A147 | B44: 1 | C44: Raymond Ng Kim Yong | D44: Raymond Ng Kim Yong | E44: Male | F44: 173 | G44: 75 | H44: 51 | I44: Singaporean | J44: Chinese | K44: Friend | L44: No | N44: No | P44: 1 to 5 | Q44: Economy Class | R44: No | W44: 0 | X44: No | Z44: 3 to 6 hours | AA44: No
A45: A153 | B45: 1 | C45: Pauline Yue | D45: Yue Yuet Ying Pauline | E45: Female | F45: 151 | G45: 50 | H45: 64 | I45: Singapore | J45: Chinese | K45: Friend | L45: No | N45: No | P45: 1 to 5 | Q45: Economy Class | R45: Yes | T45: 0 | W45: 0 | X45: No | Z45: 0 to 3 hours | AA45: No
A46: A160 | B46: 1 | C46: Wong Mai Ling | D46: Wong Mai Ling | E46: Female | F46: 155 | G46: 45 | H46: 54 | I46: Singapore | J46: Chinese | K46: Friend | L46: No | N46: No | P46: 1 to 5 | Q46: Economy Class | R46: No | W46: 0 | X46: No | Z46: 3 to 6 hours | AA46: No
A47: A173 | B47: 1 | C47: Boey Kok Kuen | D47: Boey Kok Kuen | E47: Male | F47: 166 | G47: 67.5 | H47: 65 | I47: Singaporean | J47: Chinese | K47: From a friend | L47: No | N47: No | P47: 1 to 5 | Q47: Economy Class | R47: Yes | S47: NA | T47: 0 | W47: 1 to 5 | X47: No | Z47: 0 to 3 hours | AA47: No
A48: A175 | B48: 1 | C48: HUI CHI WAI | D48: Hui Chi Wai | E48: Male | F48: 171 | G48: 70 | H48: 47 | I48: Singaporean | J48: Chinese | K48: Telegram | L48: No | N48: No | P48: 1 to 5 | Q48: Economy Class | R48: Yes | S48: 0 | T48: 0 | W48: 0 | X48: No | Z48: 3 to 6 hours | AA48: Yes
A49: A180 | B49: 1 | C49: Steven Teo | D49: Steven Teo | E49: Male | F49: 170 | G49: 63 | H49: 45 | I49: Singaporean | J49: Chinese | K49: Word of mouth | L49: No | N49: No | P49: 1 to 5 | Q49: Economy Class | R49: No | W49: 1 to 5 | X49: Yes | Y49: Lack of movement | Z49: 3 to 6 hours | AA49: No
A50: A189 | B50: 1 | C50: Velayutham Karumanan | D50: Velaytham s/o Karumanan | E50: Male | F50: 172 | G50: 64 | H50: 51 | I50: Singaporean | J50: Indian | K50: Telegram | L50: No | N50: No | P50: 1 to 5 | Q50: Economy Class | R50: No | W50: 0 | X50: No | Z50: 6 to 9 hours | AA50: No
A51: A194 | B51: 1 | C51: Lim Kiew Hong | D51: Lim Kiew Hong | E51: Male | F51: 178 | G51: 78 | H51: 66 | I51: Singaporean | J51: Chinese | K51: Friend | L51: No | N51: No | P51: 1 to 5 | Q51: Economy Class | R51: No | W51: 0 | X51: No | Z51: 3 to 6 hours | AA51: No
A52: A195 | B52: 1 | C52: Fong Kin Fai | D52: Fong Kin Fai | E52: Male | F52: 180 | G52: 72 | H52: 47 | I52: Singapore Citizen | J52: Chinese | K52: Telegram | L52: No | N52: No | P52: 1 to 5 | Q52: Economy Class | R52: No | W52: 1 to 5 | X52: Yes | Y52: Uncomfortable and too firm cushion on seat and non adjustable head rest | Z52: 3 to 6 hours | AA52: Yes
A53: A198 | B53: 1 | C53: Aris rizki | D53: Aris | E53: Male | F53: 171 | G53: 75 | H53: 41 | I53: Singapore citizen | J53: Malay | K53: From friends | L53: No | N53: No | P53: 6 to 15 | Q53: Economy Class | R53: Yes | T53: 0 | W53: 1 to 5 | X53: Yes | Y53: Personal space when seated | Z53: 3 to 6 hours | AA53: Yes
A54: A199 | B54: 1 | C54: Sallihin Othman | D54: Sallihin Othman | E54: Male | F54: 168 | G54: 74 | H54: 40 | I54: Singaporean | J54: Malay | K54: Telegram | L54: No | N54: No | P54: 1 to 5 | Q54: Economy Class | R54: No | W54: 1 to 5 | X54: Yes | Y54: My body posture | Z54: 0 to 3 hours | AA54: Yes
A55: A201 | B55: 1 | C55: Tommy Tan | D55: Tommy Tan | E55: Male | F55: 173 | G55: 68 | H55: 60 | I55: Singaporean | J55: Chinese | K55: Research Lobang | L55: No | N55: No | P55: 1 to 5 | Q55: Economy Class | R55: No | W55: 1 to 5 | X55: Yes | Y55: Seat has not enough cushion and not enough room. | Z55: 0 to 3 hours | AA55: No
A56: A202 | B56: 1 | C56: Shin | D56: Shin | E56: Male | F56: 178 | G56: 76 | H56: 46 | I56: Singaporean | J56: Chinese | K56: Telegram | L56: No | N56: No | P56: 1 to 5 | Q56: Economy Class | R56: No | W56: 1 to 5 | X56: No | Z56: 0 to 3 hours | AA56: No
A57: A204 | B57: 1 | C57: Suzana | D57: Suzana Abdul | E57: Female | F57: 161 | G57: 94 | H57: 50 | I57: Singaporean | J57: Malay | K57: Friends | L57: No | N57: No | P57: 1 to 5 | Q57: Premium Economy Class | R57: Yes | S57: 1 | T57: 0 | W57: 0 | X57: No | Z57: 6 to 9 hours | AA57: Yes
A58: A205 | B58: 1 | C58: Leong Tze Meng | D58: Larry Leong | E58: Male | F58: 163 | G58: 52 | H58: 65 | I58: Singaporean | J58: Chinese | K58: Social media | L58: No | N58: No | P58: 1 to 5 | Q58: Premium Economy Class | R58: Yes | T58: 0 | W58: 1 to 5 | X58: No | Z58: 3 to 6 hours | AA58: No
A59: A207 | B59: 1 | C59: Toh Boon Kok | D59: Toh Boon Kok | E59: Male | F59: 166 | G59: 63 | H59: 47 | I59: Singaporean | J59: Chinese | K59: Telegram | L59: No | N59: No | P59: 1 to 5 | Q59: Premium Economy Class | R59: Yes | S59: 3 | T59: 1 to 5 | U59: 1 to 3 months ago | V59: Less than 1 month ago | W59: 1 to 5 | X59: No | Z59: 3 to 6 hours | AA59: No
A60: A209 | B60: 1 | C60: Alvin Teo | D60: Alvin Teo | E60: Male | F60: 178 | G60: 1.78 | H60: 52 | I60: Sg | J60: Chinese | K60: Word of mouth | L60: No | N60: No | P60: 1 to 5 | Q60: Economy Class | R60: No | W60: 1 to 5 | X60: Yes | Y60: Leg room | Z60: 3 to 6 hours | AA60: No
A61: A210 | B61: 1 | C61: Lim Sian Meng Edward | D61: Lim Sian Meng Edward | E61: Male | F61: 170 | G61: 68 | H61: 50 | I61: Singaporean | J61: Chinese | K61: From a friend | L61: No | N61: No | P61: 1 to 5 | Q61: Economy Class | R61: Yes | S61: 4 | T61: 0 | W61: 1 to 5 | X61: Yes | Y61: Sitting too long on the backside, numbness as there is no blood circulation. | Z61: 6 to 9 hours | AA61: Yes
A62: A156 | B62: 1 | C62: Roger Tan | D62: Roger Tan | E62: Male | F62: 172 | G62: 74 | H62: 65 | I62: Singaporean | J62: Chinese | K62: Friends | L62: No | N62: No | P62: 6 to 15 | Q62: Economy Class | R62: No | W62: 1 to 5 | X62: No | Z62: 0 to 3 hours | AA62: No
A63: A049 | C63: Goh KY | D63: GOH KY | E63: Male | F63: 170 | G63: 62 | H63: 46 | I63: Singaporean | J63: Chinese | K63: Peer | L63: No | N63: No | P63: 6 to 15 | Q63: Premium Economy Class | R63: Yes | S63: 20 | T63: 1 to 5 | U63: 4 to 6 months ago | V63: 1 to 3 months ago | W63: 1 to 5 | X63: No | Z63: 3 to 6 hours | AA63: No
A64: A110 | C64: Neo Hwee Hoon | D64: Neo Hwee Hoon | E64: Female | F64: 150 | G64: 48 | H64: 48 | I64: Singaporean | J64: Chinese | K64: Telegram | L64: No | N64: No | P64: 6 to 15 | Q64: Economy Class | R64: Yes | S64: 10 | T64: 1 to 5 | U64: 1 to 3 months ago | V64: More than 6 months ago | W64: 1 to 5 | X64: No | Z64: 6 to 9 hours | AA64: No
A65: A001 | C65: Markus Labude | D65: Markus Labude | E65: Male | F65: 185 | G65: 77 | H65: 43 | I65: German | J65: Others | K65: Telegram | L65: No | N65: No | P65: 1 to 5 | Q65: Economy Class | R65: Yes | S65: 3 | T65: 0 | W65: 1 to 5 | X65: No | Z65: 6 to 9 hours | AA65: No
A66: A002 | C66: Gerry Gewi Kwok Wei | D66: Gerry Gewi Kwok Wei | E66: Male | F66: 185 | G66: 85 | H66: 44 | I66: Singaporean | J66: Chinese | K66: Friend | L66: No | N66: No | P66: 1 to 5 | Q66: Economy Class | R66: No | W66: 1 to 5 | X66: Yes | Y66: Long hours of sitting | Z66: 3 to 6 hours | AA66: Yes
A67: A003 | C67: SEETHA | D67: Seetha | E67: Female | F67: 167 | G67: 60 | H67: 56 | I67: Singaporean | J67: Indian | K67: Telegram | L67: No | N67: No | P67: 1 to 5 | Q67: Economy Class | R67: No | W67: 1 to 5 | X67: No | Z67: 3 to 6 hours | AA67: Yes
A68: A004 | C68: Isabel lim | D68: Isabel Lim shin ping | E68: Female | F68: 165 | G68: 56 | H68: 50 | I68: Singaporean | J68: Chinese | K68: Telegram | L68: No | N68: No | P68: 0 | Q68: Economy Class | R68: No | W68: 0 | X68: No | Z68: 0 to 3 hours | AA68: No
A69: A006 | C69: Chow Kit Seen | D69: Chow Kit Seen | E69: Female | F69: 160 | G69: 63 | H69: 53 | I69: Singaporean | J69: Chinese | K69: Sister | L69: Yes | M69: Shoulders | N69: No | P69: 1 to 5 | Q69: Economy Class | R69: Yes | T69: 0 | W69: 1 to 5 | X69: Yes | Y69: Long hours in sitting position | Z69: More than 9 hours | AA69: Yes
A70: A007 | C70: Ian Zeng | D70: Ian Zeng | E70: Male | F70: 169 | G70: 80 | H70: 41 | I70: Singaporean | J70: Chinese | K70: Telegram | L70: No | N70: No | P70: 1 to 5 | Q70: Economy Class | R70: No | W70: 1 to 5 | X70: Yes | Y70: seat size | Z70: 3 to 6 hours | AA70: Yes
A71: A010 | C71: Siwa | D71: Siwa | E71: Male | F71: 179 | G71: 99.6 | H71: 59 | I71: Singaporean | J71: Indian | K71: Telegram | L71: No | N71: No | P71: More than 15 | Q71: Economy Class | R71: Yes | S71: 35 | T71: 1 to 5 | U71: 1 to 3 months ago | V71: Less than 1 month ago | W71: 6 to 15 | X71: No | Z71: 6 to 9 hours | AA71: No
A72: A011 | C72: Elizabeth Li | D72: Elizabeth Li | E72: Female | F72: 156 | G72: 54 | H72: 45 | I72: Singaporean | J72: Chinese | K72: Telegram | L72: No | N72: No | P72: 1 to 5 | Q72: Economy Class | R72: Yes | T72: 0 | W72: 1 to 5 | X72: No | Z72: 3 to 6 hours | AA72: No
A73: A013 | C73: deng kaile | D73: deng kaile | E73: Male | F73: 175 | G73: 70 | H73: 42 | I73: sg | J73: Chinese | K73: telegram | L73: No | N73: No | P73: 1 to 5 | Q73: Economy Class | R73: Yes | S73: nil | T73: 0 | W73: 0 | X73: Yes | Y73: seat too small | Z73: 3 to 6 hours | AA73: Yes
A74: A014 | C74: Eileen | D74: Eileen | E74: Female | F74: 152 | G74: 52 | H74: 42 | I74: Singaporean | J74: Chinese | K74: Telegram | L74: No | N74: No | P74: 0 | Q74: Economy Class | R74: No | W74: 1 to 5 | X74: No | Z74: 6 to 9 hours | AA74: Yes
A75: A015 | C75: P V Anthony | D75: P V Anthony | E75: Male | F75: 169 | G75: 72 | H75: 57 | I75: Singapore | J75: Indian | K75: Telegram | L75: No | N75: No | P75: 1 to 5 | Q75: Economy Class | R75: No | W75: 1 to 5 | X75: No | Z75: 3 to 6 hours | AA75: No
A76: A016 | C76: Chen Shi Ling Regene | D76: Chen Shi Ling Regene | E76: Female | F76: 168 | G76: 66 | H76: 49 | I76: Singaporean | J76: Chinese | K76: Friends | L76: No | N76: No | P76: 1 to 5 | Q76: Economy Class | R76: Yes | T76: 0 | W76: 0 | X76: No | Z76: 3 to 6 hours | AA76: No
A77: A017 | C77: James Chin | D77: James Chin | E77: Male | F77: 164 | G77: 72 | H77: 50 | I77: Singaporean | J77: Chinese | K77: Telegram | L77: No | N77: No | P77: 1 to 5 | Q77: Economy Class | R77: Yes | T77: 0 | W77: 1 to 5 | X77: No | Z77: 6 to 9 hours | AA77: No
A78: A018 | C78: Eric Wong | D78: Eric Wong | E78: Male | F78: 168 | G78: 87 | H78: 53 | I78: Singaporean | J78: Chinese | K78: Friend | L78: No | N78: No | P78: 0 | Q78: Economy Class | R78: Yes | S78: 5 | T78: 0 | W78: 0 | X78: No | Z78: 6 to 9 hours | AA78: No
A79: A019 | C79: Tay Suat Ling | D79: Tay Suat Ling | E79: Female | F79: 150 | G79: 54 | H79: 48 | I79: Singaporean | J79: Chinese | K79: Telegram | L79: No | N79: No | P79: 1 to 5 | Q79: Economy Class | R79: Yes | S79: 15 | T79: 0 | W79: 1 to 5 | X79: No | Z79: 3 to 6 hours | AA79: No
A80: A022 | C80: Wong Ai Hoon Michelle | D80: Wong Ai Hoon Michelle | E80: Female | F80: 157 | G80: 44 | H80: 53 | I80: Singaporean | J80: Chinese | K80: From my sister | L80: No | N80: No | P80: 6 to 15 | Q80: Economy Class | R80: Yes | S80: 0 | T80: 0 | W80: 1 to 5 | X80: No | Z80: 0 to 3 hours | AA80: No
A81: A024 | C81: Lin Zhiwei | D81: Lin Zhiwei | E81: Male | F81: 168 | G81: 55 | H81: 39 | I81: Singaporean | J81: Chinese | K81: Telegram | L81: No | N81: No | P81: 1 to 5 | Q81: Economy Class | R81: No | W81: 1 to 5 | X81: Yes | Y81: Seat angle and space | Z81: 6 to 9 hours | AA81: Yes
A82: A025 | C82: Lim Cheng Ho | D82: Lim Cheng Ho | E82: Male | F82: 172 | G82: 65 | H82: 44 | I82: Singaporean | J82: Chinese | K82: spouse | L82: No | N82: No | P82: 1 to 5 | Q82: Economy Class | R82: No | W82: 1 to 5 | X82: No | Z82: 6 to 9 hours | AA82: No
A83: A026 | C83: Joan ng | D83: Joan | E83: Female | F83: 157.5 | G83: 82 | H83: 47 | I83: Singaporean | J83: Chinese | K83: Friend | L83: No | N83: No | P83: 1 to 5 | Q83: Economy Class | R83: No | W83: 6 to 15 | X83: No | Z83: 6 to 9 hours | AA83: No
A84: A028 | C84: Tan Eng Chiu | D84: Tan Eng Chiu | E84: Female | F84: 166 | G84: 78 | H84: 42 | I84: Singaporean | J84: Chinese | K84: Telegram group | L84: No | N84: No | P84: 1 to 5 | Q84: Economy Class | R84: Yes | S84: 0 | T84: 0 | W84: 1 to 5 | X84: Yes | Y84: muscle stiffness from lack of significant movements | Z84: More than 9 hours | AA84: Yes
A85: A032 | C85: Yvonne Chan | D85: Yvonne Chan | E85: Female | F85: 165 | G85: 58.8 | H85: 52 | I85: Singaporean | J85: Chinese | K85: Friend | L85: No | N85: No | P85: 1 to 5 | Q85: Economy Class | R85: No | W85: 1 to 5 | X85: No | Z85: 3 to 6 hours | AA85: No
A86: A033 | C86: Ong Bok Hoon | D86: Ong Bok Hoon | E86: Female | F86: 160 | G86: 49 | H86: 54 | I86: Singaporean | J86: Chinese | K86: From my son | L86: No | N86: No | P86: 6 to 15 | Q86: Economy Class | R86: No | W86: 1 to 5 | X86: Yes | Y86: Seat's reclination is limited, movement restricted | Z86: 0 to 3 hours | AA86: Yes
A87: A035 | C87: Ng Aik Kai | D87: Ng Aik Kai | E87: Male | F87: 178 | G87: 75 | H87: 41 | I87: Singaporean | J87: Chinese | K87: Friend | L87: No | N87: No | P87: 1 to 5 | Q87: Economy Class | R87: No | W87: 1 to 5 | X87: No | Z87: 3 to 6 hours | AA87: No
A88: A036 | C88: Tan Shiao Hui | D88: Tan Shiao Hui | E88: Female | F88: 159 | G88: 56 | H88: 49 | I88: Singaporean | J88: Chinese | K88: Friends | L88: No | N88: No | P88: 6 to 15 | Q88: Economy Class | R88: No | W88: 1 to 5 | X88: No | Z88: 6 to 9 hours | AA88: No
A89: A037 | C89: Lim Angelina | D89: Angelina | E89: Female | F89: 150 | G89: 53 | H89: 53 | I89: Singaporean | J89: Chinese | K89: Thru friends | L89: No | N89: No | P89: 6 to 15 | Q89: Economy Class | R89: No | W89: 1 to 5 | X89: No | Z89: 0 to 3 hours | AA89: No
A90: A038 | C90: Soh Lai Kam | D90: Soh Lai Kam | E90: Female | F90: 148 | G90: 49 | H90: 60 | I90: Singaporean | J90: Chinese | K90: Friend | L90: No | N90: No | P90: 6 to 15 | Q90: Economy Class | R90: No | W90: 1 to 5 | X90: No | Z90: 0 to 3 hours | AA90: No
A91: A040 | C91: OH YEE WEE | D91: OH YEE WEE | E91: Male | F91: 173 | G91: 72 | H91: 52 | I91: Singaporean | J91: Chinese | K91: Friend | L91: No | N91: No | P91: 1 to 5 | Q91: Economy Class | R91: Yes | S91: 2 | T91: 0 | W91: 1 to 5 | X91: No | Z91: 0 to 3 hours | AA91: No
A92: A041 | C92: Tan Li Yen | D92: Tan Li Yen | E92: Female | F92: 158 | G92: 56 | H92: 49 | I92: Singaporean | J92: Chinese | K92: Friends | L92: No | N92: No | P92: 1 to 5 | Q92: Economy Class | R92: No | W92: 1 to 5 | X92: Yes | Y92: Seating area too small, not enough leg room | Z92: 0 to 3 hours | AA92: Yes
A93: A042 | C93: Emilinda Binte Mohd Yasin | D93: Emilinda Binte Mohd Yasin | E93: Female | F93: 160 | G93: 72 | H93: 49 | I93: Singaporean | J93: Malay | K93: From friends | L93: Yes | M93: Stomach cramp | N93: No | P93: 1 to 5 | Q93: Economy Class | R93: No | W93: 0 | X93: No | Z93: 3 to 6 hours | AA93: Yes
A94: A043 | C94: Doris Koh | D94: Doris Koh | E94: Female | F94: 156 | G94: 61 | H94: 66 | I94: Singaporean | J94: Chinese | K94: From family | L94: No | N94: No | P94: 1 to 5 | Q94: Premium Economy Class | R94: Yes | T94: 0 | W94: 0 | X94: Yes | Y94: Seats | Z94: 3 to 6 hours | AA94: No
A95: A044 | C95: Koh Mui Kiap Emdy | D95: Koh Mui Kiap Emdy | E95: Male | F95: 168 | G95: 80 | H95: 61 | I95: Singapore citizen | J95: Chinese | K95: Friends | L95: No | N95: No | P95: 0 | Q95: Economy Class | R95: No | W95: 0 | X95: No | Z95: 3 to 6 hours | AA95: Yes
A96: A045 | C96: Sho Choon Kim | D96: Sho Choon Kim | E96: Female | F96: 1.55m | G96: 62kg | H96: 53 | I96: Singaporean | J96: Chinese | K96: Friend | L96: No | N96: No | P96: 6 to 15 | Q96: Economy Class | R96: No | W96: 1 to 5 | X96: Yes | Y96: Unable to lie flat | Z96: 0 to 3 hours | AA96: Yes
A97: A046 | C97: Soo Chee Kong | D97: Malcolm Soo Chee Kong | E97: Male | F97: 183 | G97: 78 | H97: 54 | I97: Singaporean | J97: Chinese | K97: Friends | L97: No | N97: No | P97: 1 to 5 | Q97: Economy Class | R97: No | W97: 1 to 5 | X97: Yes | Y97: Back side pain and cannot sleep | Z97: 0 to 3 hours | AA97: Yes
A98: A051 | C98: Mike Lim | D98: Mike Lim | E98: Male | F98: 1.75 | G98: 80 | H98: 55 | I98: Singaporean | J98: Chinese | K98: Friend | L98: No | N98: No | P98: 0 | Q98: Premium Economy Class | R98: No | W98: 1 to 5 | X98: No | Z98: 0 to 3 hours | AA98: Yes
A99: A054 | C99: Lu Suat Lay (Shirley) | D99: Lu Suat Lay (Shirley) | E99: Female | F99: 159 | G99: 70 | H99: 69 | I99: Singapore Citizen | J99: Chinese | K99: Friend | L99: No | N99: No | P99: 1 to 5 | Q99: Economy Class | R99: No | W99: 1 to 5 | X99: No | Z99: 3 to 6 hours | AA99: No
A100: A055 | C100: Wong Chui Ling | D100: Wong Chui ling Christine | E100: Female | F100: 171 | G100: 75 | H100: 45 | I100: Singaporean | J100: Others | K100: Words of mouth | L100: No | N100: No | P100: 1 to 5 | Q100: Economy Class | R100: Yes | T100: 0 | W100: 0 | X100: No | Z100: 3 to 6 hours | AA100: No
...

Sheet Post-Q
A1: Finished | B1: Subject Code | D1: Please enter your name. | E1: Please rate your overall discomfort experience during the study. | F1: What factors affected your overall discomfort experience during the study? | G1: Were there any issues with recording your discomfort ratings during the flight study? | H1: Were there any issues when watching the In-flight Entertainment? | I1: Please select other forms of discomfort that you experienced during the study. Check all that apply. - Selected Choice | J1: Please select other forms of discomfort that you experienced during the study. Check all that apply. - Others (please specify): - Text | K1: Seat dimensions | L1: Seat cushion | M1: Seat recline | N1: Footwell (space for the feet at the front of the seat) | O1: Leg rest (part of the seat that supports the calves) | P1: Headrest | Q1: Armrest | R1: Are there other aspects of the seat that are important to you? | S1: Are there any additional factors that could be addressed to help reduce your discomfort experienced?
A2: TRUE | B2: A001 | C2: Markus Labude | D2: Markus Labude | E2: Slight discomfort | F2: The light and noise | G2: No | H2: No | I2: Others (please specify): | J2: Not much except the light | K2: 7 | L2: 6 | M2: 1 | N2: 5 | O2: 2 | P2: 3 | Q2: 4 | R2: No | S2: No
A3: TRUE | B3: A002 | C3: Gerry Gewi Kwok Wei | D3: Gerry Gewi Kwok wei | E3: Slight discomfort | F3: Inability to use leg rest; small and non-adjustable screen | G3: No | H3: No | I3: Restricted space for movement,Seat angle | K3: 1 | L3: 3 | M3: 2 | N3: 4 | O3: 5 | P3: 7 | Q3: 6 | R3: No | S3: Better arm rest. Too low on my right, too high on my left
A4: TRUE | B4: A003 | C4: SEETHA | D4: Seetha | E4: Slight discomfort | F4: No. It was quite pleasant. | G4: No. | H4: No. Netflix is great. | I4: Others (please specify): | J4: Headrest not adjustable. | K4: 3 | L4: 4 | M4: 1 | N4: 7 | O4: 6 | P4: 2 | Q4: 5 | R4: No. | S4: No.
A5: TRUE | B5: A004 | C5: Isabel lim | D5: Isabel Lim shin ping | E5: Slight discomfort | F5: The chair position | G5: No at all | H5: The survey disruption if not is better | I5: Seat angle | K5: 5 | L5: 6 | M5: 1 | N5: 2 | O5: 7 | P5: 4 | Q5: 3 | R5: No | S5: Recline more
A6: TRUE | B6: A005 | C6: Ng Guat Ping | D6: Guat Ping Ng | E6: Slight discomfort | F6: Not being able to move around and fighting off the urge to sleep. | G6: No | H6: No | I6: Seat angle,Others (please specify): | J6: Wanted to change the seat angle to be more upright after being in the same position for some time. | K6: 5 | L6: 2 | M6: 1 | N6: 4 | O6: 6 | P6: 3 | Q6: 7 | R6: No | S6: Something to hug would help
A7: TRUE | B7: A006 | C7: Chow Kit Seen | D7: Chow Kit Seen | E7: Moderate discomfort | F7: Weak back and long hours sitting | G7: No | H7: No | I7: Seat angle | K7: 1 | L7: 2 | M7: 3 | N7: 5 | O7: 6 | P7: 4 | Q7: 7 | R7: Nil | S7: Able to get up and stretch
A8: TRUE | B8: A007 | C8: Ian Zeng | D8: Ian Zeng | E8: Slight discomfort | F8: Angle of seat (lateral) | G8: No | H8: Slight difficulty in navigating Netflix | K8: 6 | L8: 3 | M8: 5 | N8: 1 | O8: 4 | P8: 7 | Q8: 2 | R8: Alignment of Center of seat and left armrest | S8: The positioning of the inflight entertainment with respect to the seat. I had to lean left to view the screen, resulting in my bum being numb
A9: TRUE | B9: A008 | C9: Viknesvaran Selvarajan | D9: Viknesvaran Selvarajan | E9: Moderate discomfort | F9: Less area to stretch the legs. | G9: No | H9: No | I9: Restricted space for movement | K9: 5 | L9: 2 | M9: 4 | N9: 1 | O9: 3 | P9: 6 | Q9: 7 | R9: Seat material. | S9: Provide sufficient space for movement.
A10: TRUE | B10: A009 | C10: Umathevy Janarthanan | D10: Umathevy Janarthanan | E10: Slight discomfort | F10: Sitting too long. | G10: No | H10: No | I10: Restricted space for movement | K10: 4 | L10: 1 | M10: 3 | N10: 7 | O10: 6 | P10: 2 | Q10: 5 | R10: Headrest could have been more better | S10: Space for the feet should be a little more spacious
A11: TRUE | B11: A010 | C11: Siwa | D11: Siwa | E11: No discomfort | F11: NA | G11: No | H11: No | I11: Restricted space for movement | K11: 1 | L11: 5 | M11: 6 | N11: 4 | O11: 3 | P11: 7 | Q11: 2 | R11: Should make it .ore realistic tonallow people tonassess email or even take a nap | S11: Should make it.more realiatic dor people ro take.nap as not everyone will.be awake thru the 6 hours in real flight
A12: TRUE | B12: A011 | C12: Elizabeth Li | D12: Elizabeth Li | E12: Slight discomfort | F12: The inability to adjust the seat. | G12: Not really | H12: Initial load, has some issues but refresh was ok | I12: Restricted space for movement,Seat angle | K12: 1 | L12: 7 | M12: 2 | N12: 5 | O12: 6 | P12: 4 | Q12: 3 | R12: Na | S12: Na
A13: TRUE | B13: A012 | C13: KANG POH SENG | D13: KANG POH SENG | E13: Slight discomfort | F13: Long hours in seating positions. | G13: Nil | H13: Nil | I13: Restricted space for movement | K13: 2 | L13: 1 | M13: 3 | N13: 4 | O13: 5 | P13: 6 | Q13: 7 | R13: Seat belt | S13: Nil
A14: TRUE | B14: A013 | C14: deng kaile | D14: deng kaile | E14: Slight discomfort | F14: sitting too long in one position | G14: no | H14: no | I14: Restricted space for movement,Seat angle | K14: 3 | L14: 6 | M14: 1 | N14: 2 | O14: 7 | P14: 5 | Q14: 4 | R14: no | S14: no
A15: TRUE | B15: A014 | C15: Eileen | D15: Eileen | E15: Slight discomfort | F15: Too short toilet break. 5mins for females not enough. | G15: Not really | H15: No | I15: Others (please specify): | J15: Ear phones discomfort. Some aircraft have the headphones plug where you can bring yoir own or connect via bluetooth | K15: 4 | L15: 2 | M15: 3 | N15: 1 | O15: 5 | P15: 7 | Q15: 6 | R15: I am short so footwell only on right leg affects my experience | S15: Nothing i can think of at the moment
A16: TRUE | B16: A015 | C16: P V Anthony | D16: P V Anthony | E16: No discomfort | F16: The right arm rest. Too narrow. | G16: no | H16: no | K16: 7 | L16: 5 | M16: 1 | N16: 2 | O16: 6 | P16: 3 | Q16: 4 | R16: shoulder width | S16: recline more
A17: TRUE | B17: A016 | C17: Chen Shi Ling Regene | D17: Chen Shi Ling Regene | E17: Moderate discomfort | F17: Constant staring at scene and only allow to drink water during the breaks. | G17: Nope | H17: Nope | I17: Others (please specify): | J17: Nil | K17: 3 | L17: 1 | M17: 2 | N17: 4 | O17: 7 | P17: 5 | Q17: 6 | R17: Nil | S17: Nil
A18: TRUE | B18: A017 | C18: James Chin | D18: James Chin | E18: No discomfort | F18: Nil | G18: No | H18: No | I18: Restricted space for movement,Others (please specify): | J18: Left armrest at odd position | K18: 2 | L18: 1 | M18: 3 | N18: 7 | O18: 5 | P18: 4 | Q18: 6 | R18: No | S18: No
A19: TRUE | B19: A018 | C19: Eric Wong | D19: Eric Wong | E19: No discomfort | F19: - | G19: - | H19: - | I19: Restricted space for movement | K19: 4 | L19: 5 | M19: 1 | N19: 3 | O19: 2 | P19: 7 | Q19: 6 | R19: - | S19: -
A20: TRUE | B20: A019 | C20: Tay Suat Ling | D20: Tay Suat Ling | E20: Slight discomfort | F20: Prolonged sitting | G20: No | H20: No | I20: Others (please specify): | J20: Prolonged sitting | K20: 6 | L20: 3 | M20: 1 | N20: 7 | O20: 5 | P20: 2 | Q20: 4 | R20: Nil | S20: Arm rest abit weird position
A21: TRUE | B21: A020 | C21: Fiona Loke | D21: Fiona Loke | E21: Slight discomfort | F21: Seat | G21: Back n butt | H21: No | I21: Thermal discomfort,Restricted space for movement,Others (please specify): | J21: After 3pm the aircon a bit warm, no arm rest on the left. My legs abit dangling unable to touch the floor | K21: 2 | L21: 1 | M21: 3 | N21: 5 | O21: 4 | P21: 6 | Q21: 7 | R21: Cooler cushions
A22: TRUE | B22: A021 | C22: Alyn Wong | D22: Alyn Wong | E22: Slight discomfort | F22: Headache | G22: No | H22: No | I22: Others (please specify): | J22: NA | K22: 4 | L22: 2 | M22: 5 | N22: 6 | O22: 3 | P22: 7 | Q22: 1 | S22: Back Cushion
A23: TRUE | B23: A022 | C23: Wong Ai Hoon Michelle | D23: Wong Ai Hoon Michelle | E23: Slight discomfort | F23: Buttock quite hot and the last part of the experience my head felt quite dizzy. | G23: No | H23: No | I23: Others (please specify): | K23: 2 | L23: 1 | M23: 3 | N23: 4 | O23: 6 | P23: 5 | Q23: 7 | R23: No | S23: No
A24: TRUE | B24: A023 | C24: Toh Ee Wen Kelvin | D24: Toh Ee Wen Kelvin | E24: Moderate discomfort | F24: That the divider wasnt solid. I remember it I was just like a fragile divider in a real plane | G24: Just the above mentioned issue. | H24: No issues | I24: Restricted space for movement | K24: 1 | L24: 3 | M24: 2 | N24: 4 | O24: 6 | P24: 5 | Q24: 7 | R24: No | S24: Nope
A25: TRUE | B25: A024 | C25: Lin Zhiwei | D25: Lin Zhiwei | E25: Slight discomfort | F25: No lower back lumpar support | G25: No | H25: The system doesnt allow scrolling to the right and touching of the screen is not allowed | I25: Others (please specify): | J25: Arm rest height and its not adjustable. | K25: 4 | L25: 1 | M25: 2 | N25: 3 | O25: 7 | P25: 5 | Q25: 6 | R25: Cant think of any now. | S25: NA
A26: TRUE | B26: A025 | C26: Lim Cheng Ho | D26: Lim Cheng Ho | E26: Slight discomfort | F26: Lower back no support | G26: Nope | H26: Nope | I26: Others (please specify): | J26: Not enough lower back support | K26: 2 | L26: 1 | M26: 4 | N26: 3 | O26: 5 | P26: 6 | Q26: 7 | R26: Nope | S26: Nope
A27: TRUE | B27: A026 | C27: Joan ng | D27: Joan | E27: Slight discomfort | F27: Long hours of sitting | G27: No | H27: No | I27: Others (please specify): | J27: Nil | K27: 1 | L27: 5 | M27: 7 | N27: 3 | O27: 2 | P27: 6 | Q27: 4 | R27: Nil | S27: Nil
A28: TRUE | B28: A027 | C28: Eugene Chen | D28: Eugene Chen | E28: Moderate discomfort | F28: Inability to adjust inclination of seat, narrow space for legs and slanting to one side, no leg rest available | G28: No | H28: Some movies required a PIN to unlock | I28: Thermal discomfort,Restricted space for movement,Seat angle | K28: 3 | L28: 5 | M28: 1 | N28: 2 | O28: 4 | P28: 6 | Q28: 7 | R28: Width of the seat | S28: Slightly warmer temperature
A29: TRUE | B29: A028 | C29: Tan Eng Chiu | D29: Tan Eng Chiu | E29: Slight discomfort | F29: Chair not being able to adjust to a different angle | G29: NA | H29: NA | I29: Others (please specify): | J29: Arm rest was a bit too high for me | K29: 3 | L29: 1 | M29: 2 | N29: 4 | O29: 6 | P29: 7 | Q29: 5 | R29: NA | S29: NA
A30: TRUE | B30: A029 | C30: Ng Choon Bee | D30: Cheryl Ng | E30: Moderate discomfort | F30: Inability to adjust seat when original position became uncomfortable. Continuous TV viewing tires the eyes as well. But upper back is the main discomfort area | G30: Nope. Though having to use arrow key is not as convenient as touch screen | H30: Nope | I30: Seat angle,Others (please specify): | J30: Neck support woukd have been nice. Without it the back esp right side was aching after a while. Miss the small pillows which i usually tug behind | K30: 4 | L30: 3 | M30: 1 | N30: 7 | O30: 6 | P30: 2 | Q30: 5 | R30: Lumbar support | S30: Longer stretch breaks and having a pillow tucked behind back would be good
A31: TRUE | B31: A030 | C31: CHOW KIT YEE | D31: CHOW KIT YEE | E31: Moderate discomfort | F31: No lower back support | G31: No | H31: No | I31: Restricted space for movement,Others (please specify): | J31: Lack of lower back support | K31: 1 | L31: 3 | M31: 2 | N31: 4 | O31: 6 | P31: 5 | Q31: 7 | R31: Lower back support | S31: No armrest
A32: TRUE | B32: A031 | C32: John Lim | D32: John Lim | E32: Moderate discomfort | F32: The shape of the chair. Not much support for the lower back. | G32: No | H32: No | I32: Restricted space for movement,Seat angle | K32: 1 | L32: 2 | M32: 3 | N32: 4 | O32: 5 | P32: 6 | Q32: 7 | R32: No | S32: No
A33: TRUE | B33: A032 | C33: Yvonne Chan | D33: Yvonne Chan | E33: Moderate discomfort | F33: The surrounding area is a bit narrowed, but feet area is wide enough to move around. Seat angle feel too steep | G33: Seat is too hard | H33: It's good enough | I33: Seat angle | K33: 1 | L33: 2 | M33: 4 | N33: 6 | O33: 7 | P33: 3 | Q33: 5 | R33: Na | S33: Na
A34: TRUE | B34: A033 | C34: Ong Bok Hoon | D34: Ong Bok Hoon | E34: Slight discomfort | F34: Prolonged sitting, watching the screen for too long | G34: After recording, the message requesting to fill in the rating blink. So I thought the earlier submission wasn’t successful and re enter | H34: It’s ok, just that it is too tiring to keep watching | I34: Restricted space for movement | K34: 5 | L34: 3 | M34: 1 | N34: 4 | O34: 6 | P34: 2 | Q34: 7 | R34: No | S34: Being able to move around and having the option to test
A35: TRUE | B35: A034 | C35: Ng Beng See | D35: Ng Beng See | E35: Slight discomfort | F35: Cannot adjust the seat incline further | G35: No | H35: No | I35: Seat angle | K35: 2 | L35: 5 | M35: 1 | N35: 4 | O35: 3 | P35: 6 | Q35: 7 | R35: Cushioning | S35: Allow for neck pillow
A36: TRUE | B36: A035 | C36: Ng Aik Kai | D36: Ng Aik Kai | E36: Slight discomfort | F36: Long duration of sitting | G36: No | H36: Scrolling is limited as the keyboard does not offer full scrolling functionality. | K36: 5 | L36: 4 | M36: 6 | N36: 1 | O36: 2 | P36: 7 | Q36: 3 | R36: No | S36: No
A37: TRUE | B37: A036 | C37: Tan Shiao Hui | D37: Tan Shiao Hui | E37: No discomfort | F37: NIL | G37: No | H37: No | I37: Restricted space for movement | K37: 4 | L37: 3 | M37: 2 | N37: 5 | O37: 1 | P37: 6 | Q37: 7 | R37: No | S37: No
A38: TRUE | B38: A037 | C38: Lim Angelina | D38: Angelina lim | E38: Slight discomfort | F38: Air temperature was not cold enough. Neck discomfort. | G38: No | H38: No. Love it | I38: Thermal discomfort,Restricted space for movement | K38: 1 | L38: 3 | M38: 7 | N38: 2 | O38: 5 | P38: 4 | Q38: 6 | R38: No | S38: I like it that there is no food smell.
A39: TRUE | B39: A038 | C39: Soh Lai Kam | D39: Soh Lai Kam | E39: Slight discomfort | F39: Backache | G39: No | H39: Half way no English subtitles | I39: Others (please specify): | J39: NA | K39: 2 | L39: 1 | M39: 4 | N39: 7 | O39: 6 | P39: 3 | Q39: 5 | R39: No | S39: My legs are not able to reach the footwell (Too short to reach footwell)
A40: TRUE | B40: A039 | C40: YAP SIEW LING ROSALIND | D40: Yap Siew Ling Rosalind | E40: Moderate discomfort | F40: Long seating hours, lack of moving around & hardness seat | G40: No | H40: No | I40: Thermal discomfort,Restricted space for movement | K40: 1 | L40: 2 | M40: 3 | N40: 5 | O40: 4 | P40: 7 | Q40: 6 | S40: Pillow support for lower back
A41: TRUE | B41: A040 | C41: OH YEE WEE | D41: Oh Yee Wee | E41: Slight discomfort | F41: Sitting angle and position | G41: No | H41: No | I41: Seat angle | K41: 2 | L41: 7 | M41: 1 | N41: 4 | O41: 5 | P41: 3 | Q41: 6 | R41: No | S41: No
A42: TRUE | B42: A041 | C42: Tan Li Yen | D42: Tan Li Yen | E42: Slight discomfort | F42: Inability to extend my left arm long enough due to the sliding door of the cabin seat. | G42: Initially thought the first rating was not registered and keyed iin again. | H42: The inflight advertisements cause some difficulty for me to navigate to choose my next video to watch. | I42: Others (please specify): | J42: Neck portion felt discomfort | K42: 1 | L42: 6 | M42: 5 | N42: 4 | O42: 7 | P42: 2 | Q42: 3 | R42: support for neck area | S42: ability to adjust the recling seat
A43: TRUE | B43: A042 | C43: Emilinda Binte Mohd Yasin | D43: Emilinda Binte Mohd Yasin | E43: Slight discomfort | F43: Sitting in same position for a period of time | G43: No | H43: No | I43: Restricted space for movement,Seat angle | K43: 7 | L43: 2 | M43: 3 | N43: 1 | O43: 4 | P43: 6 | Q43: 5 | R43: No | S43: No
A44: TRUE | B44: A043 | C44: Doris Koh | D44: Doris Koh | E44: Extreme discomfort | F44: Seat | G44: Irregular recording | H44: Yes | I44: Thermal discomfort,Restricted space for movement,Seat angle | K44: 4 | L44: 2 | M44: 3 | N44: 5 | O44: 6 | P44: 1 | Q44: 7 | R44: More space | S44: Better back support
A45: TRUE | B45: A044 | C45: Koh Mui Kiap Emdy | D45: Koh Mui Kiap Emdy | E45: No discomfort | F45: 0 | G45: 0 | H45: 0 | I45: Restricted space for movement,Seat angle | K45: 3 | L45: 1 | M45: 2 | N45: 6 | O45: 7 | P45: 4 | Q45: 5 | R45: 0 | S45: 0
A46: TRUE | B46: A045 | C46: Sho Choon Kim | D46: Sho choon kim | E46: Slight discomfort | F46: Staying too long in one position | G46: No | H46: No | I46: Others (please specify): | J46: None | K46: 2 | L46: 7 | M46: 1 | N46: 4 | O46: 5 | P46: 3 | Q46: 6 | R46: Hyigene | S46: Propably more cushion for the back to lessen the impact of prolong sitting.
A47: TRUE | B47: A046 | C47: Soo Chee Kong | D47: Soo Chee Kong | E47: Slight discomfort | F47: Sitting too long | G47: No | H47: Initial selection of programs | I47: Seat angle | K47: 3 | L47: 1 | M47: 6 | N47: 5 | O47: 4 | P47: 2 | Q47: 7 | R47: Moving side way to alight with centre of screen | S47: Cushion for neck
A48: TRUE | B48: A047 | C48: Tan Hui Soon | D48: Tan hui soon | E48: Slight discomfort | F48: Unable to adjust angle, no cushion to place behind the back, seat is slightly stiff and long extended sitting, foot rest is too far. | G48: No | H48: No | I48: Restricted space for movement,Seat angle | K48: 1 | L48: 3 | M48: 2 | N48: 4 | O48: 5 | P48: 6 | Q48: 7 | R48: Left leg is stretched in an angle due to blockage | S48: Provide cushion for back support or neck support. Allow the chair to be able to move closer to the foot rest
A49: TRUE | B49: A048 | C49: NORFARTINA ABDUL HAMID | D49: NORFARTINA ABDUL HAMID | E49: Moderate discomfort | F49: Sitting position | G49: No | H49: No | I49: Restricted space for movement,Seat angle | K49: 1 | L49: 2 | M49: 3 | N49: 4 | O49: 5 | P49: 6 | Q49: 7 | R49: No | S49: No
A50: TRUE | B50: A049 | C50: Goh KY
A51: TRUE | B51: A050 | C51: Yee Hsien Ta | D51: Yee Hsien ta | E51: Moderate discomfort | F51: Position | G51: Nil | H51: Nil | I51: Thermal discomfort,Restricted space for movement,Seat angle | K51: 2 | L51: 3 | M51: 4 | N51: 1 | O51: 5 | P51: 6 | Q51: 7 | R51: Nil | S51: Nil
A52: TRUE | B52: A051 | C52: Mike Lim | D52: Mike Lim | E52: No discomfort | F52: Nil | G52: No | H52: No | I52: Seat angle | K52: 1 | L52: 2 | M52: 4 | N52: 3 | O52: 5 | P52: 6 | Q52: 7 | R52: No | S52: No
A53: TRUE | B53: A052 | C53: Yvonne Lim | D53: Yvonne Lim | E53: Slight discomfort | F53: The seat is not comfortable | G53: No | H53: No | I53: Seat angle | K53: 1 | L53: 2 | M53: 3 | N53: 6 | O53: 5 | P53: 4 | Q53: 7 | R53: No | S53: No
A54: TRUE | B54: A053 | C54: Davis Sim Kok Hiang | D54: Davis sim kok HIANG | E54: Slight discomfort | F54: leg space and arm rest space | G54: no | H54: no | I54: Restricted space for movement | K54: 1 | L54: 4 | M54: 6 | N54: 7 | O54: 5 | P54: 2 | Q54: 3 | R54: entertainment
A55: TRUE | B55: A054 | C55: Lu Suat Lay (Shirley) | D55: Lu Suat Lay (Shirley) | E55: Slight discomfort | F55: Sights discomfort | G55: NA | H55: NA | I55: Seat angle | K55: 1 | L55: 3 | M55: 2 | N55: 4 | O55: 5 | P55: 6 | Q55: 7 | R55: NA | S55: NA
A56: TRUE | B56: A055 | C56: Wong Chui Ling | D56: Wong chui ling | E56: Moderate discomfort | F56: Seat angle cannot be adjust, very short break given. No cushion / pillow provided to give better support. | G56: Disconnect easily | H56: Remote buttons not responsive. | I56: Thermal discomfort,Restricted space for movement,Seat angle | K56: 2 | L56: 7 | M56: 1 | N56: 6 | O56: 3 | P56: 5 | Q56: 4 | R56: The armrest is not spacious | S56: Nil
A57: TRUE | B57: A056 | C57: Alfred Wong | D57: alfred wong | E57: No discomfort | F57: sitting for 6 hours which is normal | G57: none | H57: no issue | K57: 1 | L57: 3 | M57: 2 | N57: 4 | O57: 5 | P57: 7 | Q57: 6 | R57: the width of the seat | S57: none
A58: TRUE | B58: A057 | C58: Tracey Tan | D58: Tracey Tan | E58: Slight discomfort | F58: Seating for 2hrs continuously… | G58: No | H58: No | I58: Restricted space for movement | K58: 4 | L58: 1 | M58: 3 | N58: 6 | O58: 7 | P58: 2 | Q58: 5 | R58: No | S58: No
A59: TRUE | B59: A058 | C59: Chua Chek Meng | D59: Chua Chek Meng | E59: Slight discomfort | F59: No pillow to support the lower spine. | G59: NA | H59: No | I59: Restricted space for movement,Seat angle,Others (please specify): | J59: Need back support like a pillow | K59: 1 | L59: 2 | M59: 3 | N59: 5 | O59: 7 | P59: 4 | Q59: 6 | S59: No
A60: TRUE | B60: A059 | C60: Daniel Mezzanotte | D60: Daniel Mezzanotte | E60: Slight discomfort | F60: Limited leg space | G60: No | H60: No | I60: Restricted space for movement | K60: 1 | L60: 5 | M60: 4 | N60: 2 | O60: 3 | P60: 7 | Q60: 6 | R60: No | S60: No
A61: TRUE | B61: A060 | C61: ong bee yong | D61: Ong bee yong | E61: Moderate discomfort | F61: Long sitting n the black of flower back support. | G61: No. | H61: No. | I61: Seat angle,Others (please specify): | J61: Not able to adjust after the first adjustment . | K61: 1 | L61: 2 | M61: 5 | N61: 6 | O61: 3 | P61: 4 | Q61: 7 | R61: Neck support arm rest for the right hand. | S61: Air pressure cushion for the seat for distribution of pressure when seated for long hours. The seat gets a little warm .
A62: TRUE | B62: A061 | C62: Den | D62: Denjz | E62: Slight discomfort | F62: Fixed inclined position | G62: Nope | H62: Nope | I62: Seat angle | K62: 3 | L62: 4 | M62: 2 | N62: 1 | O62: 6 | P62: 5 | Q62: 7 | R62: Angle of headrest | S62: Height of arm rest
A63: TRUE | B63: A062 | C63: Chia Wan Lee Karen | D63: Karen Chia | E63: No discomfort | F63: None | G63: No | H63: Was enjoyable | I63: Others (please specify): | J63: None | K63: 2 | L63: 7 | M63: 4 | N63: 6 | O63: 1 | P63: 3 | Q63: 5 | R63: Wireless earphone will be better | S63: None
A64: TRUE | B64: A063 | C64: Koay siew hoon | D64: Koay siew hoon | E64: Moderate discomfort | F64: Long sittings position | G64: No | H64: No | I64: Restricted space for movement,Others (please specify): | J64: Restricted seat adjustment | K64: 1 | L64: 3 | M64: 2 | N64: 5 | O64: 4 | P64: 7 | Q64: 6 | R64: NA | S64: NA
A65: TRUE | B65: A064 | C65: Lok Shih Heng | D65: Lok Shih Heng | E65: Slight discomfort | F65: Fixed sitting position without foot rest. The armrest was too high causing less support at lower back too. Additionally, there was distance between lower back and sit causing discomfort at lower back than rest of body parts. | G65: No | H65: I got neck soreness likely due to fixed sitting position. | I65: Restricted space for movement,Seat angle,Others (please specify): | J65: No footrest | K65: 7 | L65: 3 | M65: 6 | N65: 1 | O65: 5 | P65: 2 | Q65: 4 | R65: Nil | S65: Nil
A66: TRUE | B66: A065 | C66: Doris Toon | D66: Doris Toon | E66: Slight discomfort | F66: Screen and seat too near to one another | G66: No | H66: No | K66: 7 | L66: 5 | M66: 1 | N66: 6 | O66: 3 | P66: 2 | Q66: 4 | R66: Nil | S66: Nil
A67: TRUE | B67: A066 | C67: Stephanie yeow | D67: Stephanie yeow | E67: Slight discomfort | F67: The foot rest could have been better aligned with the seat. | G67: No | H67: Touchscreen would have been better | I67: Restricted space for movement | K67: 1 | L67: 2 | M67: 3 | N67: 4 | O67: 7 | P67: 5 | Q67: 6 | R67: Material | S67: Headsets would have been good
A68: TRUE | B68: A067 | C68: Chan Gek Choo | D68: Jane Chan Gek Choo | E68: Moderate discomfort | F68: Seat cannot be adjusted. No hand rest. Limited entertainment | G68: No | H68: No | I68: Restricted space for movement,Seat angle | K68: 1 | L68: 3 | M68: 2 | N68: 4 | O68: 5 | P68: 7 | Q68: 6 | S68: Suitable cushion for the back
A69: TRUE | B69: A068 | C69: Cheng Zhe | D69: Cheng Zhe | E69: Moderate discomfort | F69: Sitting too long | G69: No | H69: No | I69: Restricted space for movement,Seat angle | K69: 4 | L69: 5 | M69: 2 | N69: 6 | O69: 3 | P69: 7 | Q69: 1 | R69: None | S69: None
A70: TRUE | B70: A069 | C70: Michael Chia | D70: Michael Chia | E70: Slight discomfort | F70: Been restricted. | G70: No | H70: No | I70: Others (please specify): | J70: Foot rest | K70: 5 | L70: 3 | M70: 6 | N70: 2 | O70: 1 | P70: 7 | Q70: 4 | R70: Nil | S70: Nil
A71: TRUE | B71: A070 | C71: Ronnie Lim | D71: Ronnie LIM | E71: Slight discomfort | F71: Leg rest not within comfortable reach | G71: Nope | H71: No | I71: Restricted space for movement | K71: 2 | L71: 4 | M71: 3 | N71: 5 | O71: 6 | P71: 1 | Q71: 7 | R71: Armrest | S71: Seat cushion thickness n seat pillow
A72: TRUE | B72: A071 | C72: CHIA KENG BOON PATRICK | D72: CHIA KENG BOON PATRICK | E72: No discomfort | F72: NONE | G72: NO | H72: NO | I72: Restricted space for movement,Seat angle | K72: 1 | L72: 3 | M72: 7 | N72: 2 | O72: 5 | P72: 6 | Q72: 4 | R72: NIL | S72: NIL
A73: TRUE | B73: A072 | C73: Hoi Lai Meng | D73: Hoi Lai Meng | E73: Slight discomfort | F73: Sitting in the same position for too long | G73: No | H73: No | I73: Restricted space for movement | K73: 2 | L73: 5 | M73: 3 | N73: 4 | O73: 1 | P73: 7 | Q73: 6 | R73: Nil | S73: Would be best if seat recline angle can be adjusted during breaks
A74: TRUE | B74: A073 | C74: Edmund Chee | D74: Edmund Chee | E74: Moderate discomfort | F74: my butt (Right) very painful | G74: no | H74: no | I74: Restricted space for movement,Seat angle | K74: 4 | L74: 1 | M74: 2 | N74: 7 | O74: 6 | P74: 5 | Q74: 3 | R74: air ciculation | S74: nope
A75: TRUE | B75: A074 | C75: Hannah Chan Yoke Kuen | D75: Hannah Chan Yoke Kuen | E75: Severe discomfort | F75: The design of the seat has no lumbar support the length of the seat arm rest is too far back, | G75: No | H75: No | I75: Restricted space for movement | K75: 1 | L75: 6 | M75: 5 | N75: 4 | O75: 3 | P75: 7 | Q75: 2 | R75: Lumbar support | S75: No
A76: TRUE | B76: A0WL | C76: Ong Wah Li | D76: Ong Wah Li | E76: Slight discomfort | F76: Lack of neck support and lumbar support | G76: Nil | H76: Nil | I76: Thermal discomfort | K76: 1 | L76: 3 | M76: 2 | N76: 6 | O76: 5 | P76: 4 | Q76: 7 | R76: Lumbar support or a cushion for back support | S76: Nil
A77: TRUE | B77: SQ | C77: SQ | D77: SQ | E77: Slight discomfort | F77: Buttocks pain | G77: Timing for the prompts was off | H77: No | K77: 3 | L77: 2 | M77: 1 | N77: 6 | O77: 4 | P77: 5 | Q77: 7 | R77: No | S77: No
A78: TRUE | B78: A075 | C78: Louise Xie | D78: Louise | E78: Slight discomfort | F78: Not able to stand up and stretch as often as I would like | G78: No | H78: No | I78: Seat angle | K78: 1 | L78: 3 | M78: 2 | N78: 5 | O78: 6 | P78: 4 | Q78: 7 | R78: No | S78: No
A79: TRUE | B79: A076 | C79: Albert Yim | D79: Albert yim | E79: Slight discomfort | F79: Lack of lumbar support on the seat | G79: No | H79: Figured it out along the way | I79: Restricted space for movement | K79: 4 | L79: 1 | M79: 7 | N79: 5 | O79: 2 | P79: 6 | Q79: 3 | R79: No | S79: Noise Reduction
A80: TRUE | B80: A077 | C80: Hartaty Widjaja | D80: Michelle H. widjaja | E80: Slight discomfort | F80: No back support and head rest | G80: No | H80: No | I80: Others (please specify): | J80: No contoured lower back support. No head rest support | K80: 6 | L80: 3 | M80: 1 | N80: 4 | O80: 5 | P80: 2 | Q80: 7 | R80: More contoured shape | S80: Head support
A81: TRUE | B81: A078 | C81: Adeline Heng | D81: Adeline Heng | E81: Moderate discomfort | F81: I felt warm at my back and bottom. Also perhaps due to extended hours of seating, my lower back and hips are a little aching. | G81: Not really, just the Bluetooth keyboard wasn’t quite sensitive | H81: None at all. Appreciate that there was accompanying inflight sounds too | I81: Thermal discomfort,Restricted space for movement,Seat angle | K81: 2 | L81: 3 | M81: 1 | N81: 5 | O81: 6 | P81: 4 | Q81: 7 | R81: Temperature | S81: Room temperature in the flight simulator seems higher than the office outside.
A82: TRUE | B82: A079 | C82: Lee Kok Hian | D82: Lee Kok Hian | E82: Slight discomfort | F82: No pillow to support my neck, I couldn’t adjust the seat | G82: No | H82: No | I82: Seat angle | K82: 7 | L82: 2 | M82: 3 | N82: 6 | O82: 4 | P82: 1 | Q82: 5 | R82: Lighting | S82: Neck support
A83: TRUE | B83: A080 | C83: WEE YIAN SOON | D83: Wee Yian Soon | E83: Slight discomfort | F83: Time sitting in fixed position | G83: No problem | H83: Learning how to select movies | I83: Others (please specify): | J83: Slightly cold at the end | K83: 2 | L83: 1 | M83: 3 | N83: 4 | O83: 5 | P83: 6 | Q83: 7 | R83: Back rest | S83: Arm rest not available for left side
A84: TRUE | B84: A081 | C84: Grace Ng Chai Hoon | D84: Grace Ng Chai Hoon | E84: Slight discomfort | F84: Seated too long | G84: No | H84: No | I84: Restricted space for movement | K84: 2 | L84: 1 | M84: 3 | N84: 5 | O84: 4 | P84: 7 | Q84: 6 | R84: No | S84: No
A85: TRUE | B85: A082 | C85: Alfred Chow Peng Hoong | D85: Alfred Chow Peng Hoong | E85: Slight discomfort | F85: Sitting over extended period | G85: No problem | H85: No problem | I85: Restricted space for movement | K85: 4 | L85: 1 | M85: 3 | N85: 6 | O85: 7 | P85: 2 | Q85: 5 | R85: Seat contour | S85: Cushioning
A86: TRUE | B86: A083 | C86: Sim Choon Keow Hazel | D86: Hazel Sim | E86: Moderate discomfort | F86: Both legs | G86: No | H86: No | I86: Restricted space for movement | K86: 2 | L86: 1 | M86: 5 | N86: 4 | O86: 3 | P86: 7 | Q86: 6 | R86: No | S86: No
A87: TRUE | B87: A084 | C87: Sandra Wee | D87: Sandra Wee | E87: Slight discomfort | F87: Leg position | G87: No | H87: No | I87: Others (please specify): | J87: Leg position | K87: 5 | L87: 6 | M87: 1 | N87: 2 | O87: 3 | P87: 7 | Q87: 4 | R87: Comfortable | S87: Breaks are good for stretching
A88: TRUE | B88: A085 | C88: Chong Mee Choo | D88: Chong Mee Choo | E88: Slight discomfort | F88: Restrictions to walk | G88: No | H88: No | I88: Restricted space for movement | K88: 1 | L88: 2 | M88: 3 | N88: 5 | O88: 4 | P88: 7 | Q88: 6 | R88: No | S88: No
A89: TRUE | B89: A086 | C89: Ma Lay Hwa | D89: Ma Lay Hwa | E89: Slight discomfort | F89: Long hours of sitting. I usually move more | G89: No | H89: No | I89: Others (please specify): | J89: It’s just not able to take a walk | K89: 1 | L89: 4 | M89: 6 | N89: 3 | O89: 5 | P89: 2 | Q89: 7 | R89: Na | S89: Just need to move a bit will be good
A90: TRUE | B90: A087 | C90: Mark Chen | D90: Mark Chen | E90: Slight discomfort | F90: 1)Armrests too high and not forward enough to rest my arms comfortably. 2) Staying in the seat in the same position for long period 3) Lack of neck support and side head rest support causing strain on neck 4) Seats were slightly stiff 5) Leg well was slightly off centre | G90: No | H90: No | I90: Restricted space for movement | K90: 2 | L90: 1 | M90: 5 | N90: 6 | O90: 7 | P90: 3 | Q90: 4 | R90: Able to move about in the seat while doing other activity like eating and drinking | S90: Able to get up and walk around more often. Order and consume food and drinks
A91: TRUE | B91: A088 | C91: Seow cherng jye | D91: Seow Cherng Jye | E91: Moderate discomfort | F91: Low back discomfort | G91: Nil | H91: Nil | I91: Restricted space for movement | K91: 5 | L91: 6 | M91: 2 | N91: 1 | O91: 3 | P91: 4 | Q91: 7 | R91: Bil | S91: Bigger seat
A92: TRUE | B92: A089 | C92: William Peh | D92: William Peh | E92: No discomfort | F92: Long hours of sitting | G92: No | H92: No | I92: Restricted space for movement | K92: 1 | L92: 7 | M92: 4 | N92: 6 | O92: 5 | P92: 2 | Q92: 3 | R92: Size of the seat | S92: No
A93: TRUE | B93: A090 | C93: lim benghock | D93: BengHock LIM | E93: No discomfort | F93: Na | G93: Na | H93: Once the keyboard sleeps, it jump episodes | K93: 3 | L93: 5 | M93: 2 | N93: 7 | O93: 1 | P93: 4 | Q93: 6 | R93: Air flow and cold temp
A94: TRUE | B94: A091 | C94: Valerie Eng Li Huay | D94: Valerie Eng Li Huay | E94: Slight discomfort | F94: The screen too near, causing my eye vision blurry after watching for long hours | G94: No | H94: No | I94: Others (please specify): | J94: No | K94: 6 | L94: 1 | M94: 2 | N94: 4 | O94: 5 | P94: 3 | Q94: 7 | R94: No | S94: Anyway to let the seat stay cool ? After long hours, the heat can make the hips uncomfortable
A95: TRUE | B95: A092 | C95: Peh Ai Ling Irene | D95: Peh Ai Ling Irene | E95: Slight discomfort | F95: There are not enough cushion | G95: No | H95: No | I95: Restricted space for movement | K95: 7 | L95: 2 | M95: 3 | N95: 4 | O95: 5 | P95: 1 | Q95: 6 | R95: No | S95: My neck is not as comfortable
A96: TRUE | B96: A093 | C96: Joanna Seah | D96: Joanna | E96: Slight discomfort | F96: The leg rest is not of the correct angle | G96: No | H96: No | I96: Others (please specify): | J96: Arm rest not long enough | K96: 3 | L96: 2 | M96: 1 | N96: 7 | O96: 5 | P96: 6 | Q96: 4 | R96: The inner part of the chair Shld have some dimension to support the lower back | S96: No
A97: TRUE | B97: A094 | C97: Ng Chen Nee | D97: Ng Chen Nee | E97: Slight discomfort | F97: Stiff muscle and low temperature | G97: No | H97: No | I97: Thermal discomfort | K97: 1 | L97: 2 | M97: 5 | N97: 4 | O97: 6 | P97: 3 | Q97: 7 | R97: No | S97: I would like to have a cushion to place under my lower back.
A98: TRUE | B98: A095 | C98: Yunice Chng | D98: Chng Beng Hooi | E98: Slight discomfort | F98: The chair upper back a bit push out for me | G98: Yes | H98: No | I98: Restricted space for movement,Seat angle | K98: 6 | L98: 2 | M98: 4 | N98: 7 | O98: 5 | P98: 1 | Q98: 3 | R98: Table height and where the earpiece connected from | S98: The alignment of the chair and the TV.
A99: TRUE | B99: A096 | C99: Hoong Suet Lee | D99: Hoong Suet Lee | E99: Slight discomfort | F99: Sitting for too long. | G99: No | H99: Yes. It keeps jumping forward to other episodes when watching serial many times. When watching movie, it also keeps jumping forward. . | I99: Others (please specify): | J99: Quite ok generally | K99: 3 | L99: 2 | M99: 5 | N99: 1 | O99: 4 | P99: 6 | Q99: 7 | R99: More cushiony and cooling will be good. Maybe a back support for those who needs it. | S99: Can it be a massager as well?
A100: TRUE | B100: A097 | C100: Leong Mai Loon | D100: Leong Mai Loon | E100: Slight discomfort | F100: Engine sound and long sitting | G100: No | H100: No | I100: Thermal discomfort,Restricted space for movement | K100: 5 | L100: 3 | M100: 2 | N100: 1 | O100: 6 | P100: 7 | Q100: 4 | R100: Air circulation | S100: Nil
...

Sheet Dropdown
A1: Seat | F1: Underweight BMI | H1: Normal BMI | J1: Overweight BMI
A2: 2D | F2: =COUNTIF('BodyData-Timings'!U3:U195, "<=18.4") -> 11 | H2: =COUNTIFS('BodyData-Timings'!U3:U195, "<=24.9", 'BodyData-Timings'!U3:U195, ">=18.5") -> 115 | J2: =COUNTIF('BodyData-Timings'!U3:U195, ">=25.0") -> 67 | L2: =F2++H2+J2 -> 193 | M2: (with SQ&WL)
A3: 2F
A4: 3D
A5: 3F
G6: Normal + Under | I6: Overweight | M6: Normal Body Fat % | O6: Obese Body Fat %
G7: =G8+G9 -> 135 | I7: =I8+I9 -> 76 | J7: =G7+I7 -> 211 | M7: =COUNTIFS('BodyData-Timings'!H3:H195, "No") -> 77 | O7: =COUNTIFS('BodyData-Timings'!H3:H195, "Yes") -> 116 | Q7: =M7+O7 -> 193
F8: Male | G8: =COUNTIFS('BodyData-Timings'!U3:U216, "<=24.9", 'BodyData-Timings'!G3:G216, "Male") -> 57 | I8: =COUNTIFS('BodyData-Timings'!U3:U216, ">=25.0", 'BodyData-Timings'!G3:G216, "Male") -> 48 | J8: =G8+I8 -> 105
F9: Female | G9: =COUNTIFS('BodyData-Timings'!U3:U216, "<=24.9", 'BodyData-Timings'!G3:G216, "Female")-2 -> 78 | I9: =COUNTIFS('BodyData-Timings'!U3:U216, ">=25.0", 'BodyData-Timings'!G3:G216, "Female") -> 28 | J9: =G9+I9 -> 106
